{"type":"FeatureCollection","properties":{"fuente":"Secretaría de Energía · ENARGAS","url":"https://datos.energia.gob.ar/dataset/transporte-hidrocarburos-ductos-troncales-gasoductos","simplificacion_grados":0.001},"features":[{"type":"Feature","properties":{"id":"gasoducto-general-san-mart-n","nombre":"Gasoducto General San Martín","operador":"TGS","operadores":["TGS"],"km":4662,"tramos":105,"subtipos":{"Troncal":92,"Loop":8,"Proyecto":5}},"geometry":{"type":"MultiLineString","coordinates":[[[-69.55573,-51.18075],[-69.58467,-51.10156],[-69.58616,-51.05883],[-69.58487,-51.04996],[-69.57016,-51.00604],[-69.56263,-50.97126],[-69.55746,-50.91314],[-69.54978,-50.89989],[-69.55533,-50.88822],[-69.55017,-50.82852],[-69.54351,-50.79269],[-69.5056,-50.74252],[-69.44744,-50.6876],[-69.44032,-50.67104],[-69.42533,-50.66665],[-69.36841,-50.61261],[-69.30082,-50.44669],[-69.26827,-50.37872],[-69.20666,-50.28852],[-69.20682,-50.28542]],[[-65.92327,-43.59948],[-65.92104,-43.59234],[-65.93357,-43.56602],[-65.93573,-43.54329],[-65.91899,-43.51454],[-65.91687,-43.50048],[-65.8736,-43.44067],[-65.86142,-43.40157],[-65.86193,-43.37338],[-65.82984,-43.24175],[-65.74287,-42.77056],[-65.72602,-42.70561],[-65.72249,-42.68568],[-65.69578,-42.64756],[-65.68213,-42.60511],[-65.67635,-42.5957],[-65.64626,-42.53245],[-65.63431,-42.32764]],[[-68.59178,-52.67955],[-68.59126,-52.67751],[-68.52442,-52.61976],[-68.51627,-52.6158],[-68.49586,-52.61039],[-68.48769,-52.60589],[-68.4576,-52.58022],[-68.43377,-52.55366],[-68.40732,-52.48488],[-68.40916,-52.40342],[-68.41538,-52.38242]],[[-69.26141,-50.36928],[-69.20645,-50.28879],[-69.20664,-50.28542]],[[-67.7752,-48.53849],[-67.79861,-48.40379],[-67.70198,-48.15571],[-67.68537,-48.10852],[-67.62675,-48.00186],[-67.61439,-47.98471],[-67.597,-47.94749],[-67.56556,-47.89345],[-67.47161,-47.78573],[-67.41896,-47.72707],[-67.39593,-47.70435],[-67.38872,-47.69265],[-67.35851,-47.65821],[-67.35297,-47.63734],[-67.34278,-47.6101],[-67.33086,-47.56615],[-67.35078,-47.48803],[-67.35574,-47.47902],[-67.35453,-47.47332],[-67.36056,-47.44959]],[[-65.63431,-42.32721],[-65.63193,-42.30948],[-65.62707,-42.29119],[-65.61186,-42.2699],[-65.51801,-42.19294],[-65.51533,-42.18657],[-65.51379,-42.17413],[-65.50519,-42.1486],[-65.50499,-42.14391],[-65.53346,-42.0476],[-65.53196,-42.03945],[-65.51669,-42.0083],[-65.51683,-41.99489],[-65.51086,-41.97505],[-65.50901,-41.9513],[-65.51301,-41.92308],[-65.50741,-41.91114],[-65.50437,-41.89947],[-65.51115,-41.87513],[-65.52001,-41.8652],[-65.52612,-41.84565],[-65.52635,-41.82556],[-65.517,-41.80551],[-65.5077,-41.79671],[-65.48927,-41.77309],[-65.49209,-41.75721],[-65.48515,-41.74259],[-65.46345,-41.72629],[-65.44869,-41.71296],[-65.43307,-41.69451],[-65.40896,-41.62133],[-65.36086,-41.41763],[-65.3594,-41.41625],[-65.32664,-41.14346],[-65.30171,-41.0648],[-65.22136,-40.79605],[-64.92674,-40.5157],[-64.81986,-40.40828],[-64.48973,-40.10237],[-64.4689,-40.08524],[-64.45282,-40.06714],[-64.47108,-40.05887]],[[-65.92364,-43.59944],[-65.92142,-43.59236],[-65.93394,-43.56608],[-65.9361,-43.54324],[-65.91936,-43.51449],[-65.91723,-43.5004],[-65.87394,-43.44056],[-65.86179,-43.40152],[-65.8623,-43.37335],[-65.84341,-43.29758]],[[-68.86396,-52.21579],[-68.86372,-52.21289],[-68.9547,-52.13538],[-69.01028,-52.11134],[-69.24606,-51.92398],[-69.2562,-51.91791],[-69.26979,-51.90491],[-69.30029,-51.88039],[-69.3091,-51.86804],[-69.32977,-51.85656],[-69.3794,-51.81644],[-69.39044,-51.8127],[-69.58512,-51.66431],[-69.61675,-51.64335],[-69.63994,-51.6349],[-69.65936,-51.623],[-69.63863,-51.54662],[-69.6052,-51.32726],[-69.55576,-51.1808]],[[-67.48442,-45.43723],[-67.44106,-45.40886],[-67.42434,-45.40249],[-67.41194,-45.39568],[-67.38132,-45.36426],[-67.3549,-45.3475],[-67.34127,-45.31286],[-67.31907,-45.29369],[-67.30033,-45.25825],[-67.29024,-45.24899],[-67.24904,-45.19818],[-67.17322,-45.10435],[-67.15855,-45.08218],[-67.15252,-45.07799],[-67.14752,-45.06748],[-67.11142,-45.02669],[-67.09995,-45.01079],[-67.08124,-45.00574],[-67.07403,-45.0022],[-67.00909,-44.96293],[-66.94608,-44.93284],[-66.88569,-44.90018],[-66.84021,-44.88426],[-66.76561,-44.85035],[-66.75766,-44.8434],[-66.69071,-44.76108],[-66.68642,-44.75913],[-66.66421,-44.73729],[-66.65692,-44.72762],[-66.61522,-44.68575]],[[-66.68897,-44.76095],[-66.66405,-44.73736],[-66.65677,-44.72767],[-66.61541,-44.68618]],[[-60.65791,-38.08604],[-59.80525,-37.7272],[-59.73656,-37.6718],[-59.36563,-37.49735],[-59.32719,-37.47531],[-59.27231,-37.43162],[-59.21963,-37.34416],[-59.21898,-37.33077],[-59.22036,-37.3255],[-59.22732,-37.31616],[-59.22649,-37.3091],[-59.20933,-37.28097]],[[-67.94271,-46.66077],[-67.94239,-46.64376],[-68.03017,-46.55549],[-68.01314,-46.42299],[-68.05872,-46.26645],[-68.06145,-46.2486],[-68.07308,-46.21717],[-68.08983,-46.15885],[-68.09154,-46.14679],[-68.10074,-46.12096],[-68.12765,-46.02673],[-68.15683,-45.99729],[-68.16602,-45.98186],[-68.16619,-45.96156],[-68.16309,-45.95445],[-68.16196,-45.94338],[-68.17006,-45.9228],[-68.16698,-45.91593],[-68.09606,-45.83503],[-68.0607,-45.80462],[-68.04641,-45.78984],[-68.02622,-45.75676],[-67.98614,-45.71073],[-67.91469,-45.6773]],[[-68.1775,-49.60334],[-67.96675,-49.43239],[-67.95511,-49.42136],[-67.93958,-49.41031],[-67.91212,-49.39743],[-67.89654,-49.37506],[-67.86197,-49.34562],[-67.82678,-49.30495],[-67.81326,-49.29817],[-67.80565,-49.28533]],[[-67.94293,-46.66097],[-67.94251,-46.64388],[-68.03034,-46.55551],[-68.01341,-46.42269],[-68.05892,-46.26655],[-68.06166,-46.24867],[-68.07327,-46.21723],[-68.08968,-46.16028],[-68.09176,-46.14684],[-68.10667,-46.10093]],[[-65.93408,-43.56025],[-65.93592,-43.54326],[-65.91918,-43.51452],[-65.91705,-43.50044],[-65.87377,-43.44061],[-65.8616,-43.40154],[-65.86211,-43.37336],[-65.83003,-43.24173],[-65.74308,-42.77056],[-65.72607,-42.70561],[-65.72271,-42.68584],[-65.69596,-42.64752],[-65.6823,-42.60507],[-65.67652,-42.59565],[-65.64644,-42.53243],[-65.63462,-42.32822]],[[-66.3333,-44.42196],[-66.50469,-44.59169],[-66.59977,-44.6709],[-66.61536,-44.68564]],[[-58.18427,-34.84972],[-58.18592,-34.85069],[-58.17986,-34.86604],[-58.2039,-34.88723],[-58.27398,-35.01655],[-58.29685,-35.06371],[-58.30203,-35.06755],[-58.31926,-35.09162],[-58.33862,-35.14013],[-58.35165,-35.17774],[-58.36757,-35.20815],[-58.37408,-35.22662],[-58.38832,-35.25849],[-58.38939,-35.26432],[-58.43557,-35.38575],[-58.44961,-35.41546],[-58.45193,-35.42682],[-58.4707,-35.47306],[-58.51136,-35.58793],[-58.53182,-35.63851],[-58.55373,-35.70126],[-58.5648,-35.72697],[-58.57114,-35.74958],[-58.60324,-35.8323],[-58.69863,-36.04746]],[[-62.39015,-38.68284],[-62.10774,-38.61616],[-61.76957,-38.52511],[-61.58919,-38.47455],[-61.23862,-38.33548],[-60.92739,-38.20211],[-60.69982,-38.10264],[-60.65798,-38.08606]],[[-67.70771,-48.17173],[-67.68492,-48.10861],[-67.62656,-48.00191],[-67.6142,-47.98476],[-67.59681,-47.94753],[-67.56726,-47.89621],[-67.47143,-47.78587],[-67.41875,-47.72724],[-67.39577,-47.70452],[-67.38854,-47.69277],[-67.37361,-47.6759]],[[-68.10668,-46.1009],[-68.12793,-46.0266],[-68.15697,-45.99739],[-68.16628,-45.98189],[-68.16641,-45.96155],[-68.16327,-45.95442],[-68.16216,-45.94348],[-68.17019,-45.92257],[-68.16712,-45.91585],[-68.09622,-45.83495],[-68.06085,-45.80454],[-68.04659,-45.78978],[-68.02639,-45.75671],[-67.98628,-45.71063],[-67.62401,-45.53992],[-67.58839,-45.50904],[-67.55272,-45.48215],[-67.53295,-45.47039],[-67.48451,-45.43728]],[[-66.68896,-44.76095],[-66.69056,-44.76116],[-66.7575,-44.84347],[-66.76548,-44.85045],[-66.84011,-44.88438],[-66.88559,-44.9003],[-66.94598,-44.93295],[-67.0089,-44.963],[-67.07379,-45.00232],[-67.08111,-45.00582],[-67.09974,-45.01087],[-67.11174,-45.02732],[-67.14733,-45.0675],[-67.15236,-45.07806],[-67.15836,-45.08225],[-67.17306,-45.10442],[-67.24258,-45.19047],[-67.2901,-45.24907],[-67.30014,-45.25831],[-67.31889,-45.29374],[-67.34109,-45.31288],[-67.35472,-45.34758],[-67.38116,-45.36435],[-67.4118,-45.39577],[-67.44364,-45.41047],[-67.53278,-45.47047],[-67.55261,-45.48224],[-67.58829,-45.50916],[-67.62394,-45.54005],[-67.66123,-45.55793]],[[-69.20684,-50.28516],[-69.20713,-50.27921],[-69.05868,-50.1156],[-69.05282,-50.1074],[-69.03288,-50.06004],[-69.03443,-50.03867],[-69.03073,-50.02273],[-69.02631,-50.01639],[-68.97022,-49.95876],[-68.70033,-49.79975],[-68.67743,-49.78125],[-68.65771,-49.75815],[-68.352,-49.67001],[-68.31054,-49.66037],[-68.21506,-49.63253],[-68.13433,-49.56864],[-67.96709,-49.43217],[-67.9554,-49.42116],[-67.94005,-49.41021],[-67.91247,-49.39724],[-67.89697,-49.37497],[-67.86232,-49.34547],[-67.82733,-49.305],[-67.82306,-49.3027]],[[-68.75366,-52.23396],[-68.71581,-52.23859],[-68.62576,-52.2741],[-68.55708,-52.29017],[-68.52548,-52.2941],[-68.49953,-52.31278],[-68.42708,-52.3274]],[[-67.823,-49.30267],[-67.81343,-49.29782],[-67.78643,-49.25156],[-67.77676,-49.22545],[-67.77024,-49.21759],[-67.72133,-49.17372],[-67.72031,-49.16321],[-67.70733,-49.13295],[-67.70803,-49.12953],[-67.68977,-49.02191],[-67.77519,-48.53854]],[[-65.32333,-41.13217],[-65.27007,-40.95675]],[[-67.94302,-46.6605],[-67.96806,-46.62122],[-68.03348,-46.55596],[-68.01648,-46.4231],[-68.05851,-46.27888]],[[-69.65305,-51.60064],[-69.63843,-51.54663],[-69.60497,-51.32728],[-69.55524,-51.18022],[-69.58455,-51.10117],[-69.58597,-51.05882],[-69.58467,-51.04997],[-69.56997,-51.00603],[-69.56242,-50.97125],[-69.55719,-50.91312],[-69.54958,-50.89993],[-69.55507,-50.88808],[-69.54983,-50.82856],[-69.54291,-50.79286],[-69.50545,-50.74265],[-69.44724,-50.68769],[-69.44005,-50.67108],[-69.42507,-50.66663],[-69.36823,-50.61266],[-69.30037,-50.44613]],[[-66.6152,-44.68572],[-66.59962,-44.67099],[-66.50407,-44.59133],[-66.34117,-44.42943],[-66.30934,-44.4002],[-66.30869,-44.39697],[-66.23012,-44.3183],[-66.19273,-44.23433],[-66.17564,-44.19053],[-65.92254,-43.59723],[-65.92123,-43.59236],[-65.93376,-43.56605],[-65.93408,-43.56028]],[[-68.15905,-49.58818],[-67.96691,-49.43231],[-67.95526,-49.42126],[-67.93971,-49.41021],[-67.91229,-49.39736],[-67.89671,-49.37499],[-67.86214,-49.34555],[-67.82718,-49.30512],[-67.82295,-49.30284]],[[-67.94441,-46.66506],[-67.9389,-46.6673],[-67.85519,-46.75127],[-67.84762,-46.76049],[-67.75672,-46.84957],[-67.75643,-46.85208],[-67.48317,-47.0394],[-67.45595,-47.06724],[-67.35436,-47.47324],[-67.35557,-47.47886],[-67.35053,-47.48824],[-67.33069,-47.5659],[-67.34259,-47.61012],[-67.35276,-47.63735],[-67.35835,-47.65828],[-67.37157,-47.67374]],[[-69.45129,-50.69183],[-69.44693,-50.68754],[-69.43987,-50.67115],[-69.4249,-50.66671],[-69.36803,-50.61271],[-69.3004,-50.44659],[-69.26793,-50.3788],[-69.26166,-50.36965]],[[-64.47113,-40.05867],[-64.45202,-40.06643],[-64.37421,-39.98562],[-63.99355,-39.72997],[-63.41326,-39.33524],[-63.40336,-39.32576],[-63.38582,-39.31514],[-63.17175,-39.16334],[-62.93214,-38.98684],[-62.70446,-38.81349],[-62.66833,-38.79265],[-62.5155,-38.71168],[-62.42603,-38.69247],[-62.40536,-38.68676]],[[-63.19539,-39.18001],[-62.96215,-39.00799],[-62.70457,-38.81339],[-62.66754,-38.79206],[-62.51557,-38.71155],[-62.40539,-38.68674]],[[-67.82289,-49.3028],[-67.81327,-49.29791],[-67.78626,-49.25167],[-67.77658,-49.22555],[-67.76999,-49.21775],[-67.72119,-49.17376],[-67.72011,-49.16324],[-67.70712,-49.13299],[-67.70786,-49.12955],[-67.68955,-49.0219],[-67.79842,-48.40395],[-67.70796,-48.17167]],[[-68.30115,-49.6578],[-68.35192,-49.67014],[-68.65777,-49.75831],[-68.67738,-49.78144],[-68.70002,-49.7997],[-68.97012,-49.95886],[-69.02636,-50.01669],[-69.0307,-50.023],[-69.03425,-50.03876],[-69.03267,-50.06005],[-69.05262,-50.10745],[-69.05849,-50.11565],[-69.20696,-50.27929],[-69.20667,-50.28498]],[[-68.86285,-52.21393],[-68.82585,-52.2224],[-68.71592,-52.23871],[-68.62586,-52.27422],[-68.55714,-52.2903],[-68.52558,-52.29422],[-68.49964,-52.31289],[-68.41231,-52.33082],[-68.41546,-52.38446],[-68.40811,-52.40167],[-68.4062,-52.48461],[-68.43227,-52.55332],[-68.45511,-52.57948],[-68.48803,-52.6075],[-68.54054,-52.64395],[-68.56524,-52.65574],[-68.59129,-52.6778],[-68.5916,-52.67962]],[[-68.86545,-52.2112],[-68.95446,-52.13532],[-69.0101,-52.11119],[-69.24579,-51.92394],[-69.25609,-51.91774],[-69.27213,-51.90281]],[[-69.27203,-51.90277],[-69.3003,-51.88016],[-69.30903,-51.86788],[-69.3296,-51.85647],[-69.37924,-51.81635],[-69.39027,-51.81261],[-69.49906,-51.72988]],[[-65.32316,-41.1322],[-65.22136,-40.79577],[-64.92686,-40.5156],[-64.82,-40.4082],[-64.48986,-40.10227],[-64.46904,-40.08515],[-64.453,-40.06712],[-64.47107,-40.05892]],[[-64.4711,-40.05881],[-64.45233,-40.06635],[-64.37437,-39.98549],[-63.99375,-39.7298],[-63.42,-39.33968],[-63.40349,-39.32567],[-63.38594,-39.31504],[-63.19542,-39.18003]],[[-67.36057,-47.44954],[-67.45612,-47.06738],[-67.48333,-47.03949],[-67.75631,-46.85232],[-67.75702,-46.8495],[-67.84778,-46.76057],[-67.85514,-46.75157],[-67.93906,-46.66738],[-67.94451,-46.66518]],[[-67.91433,-45.67713],[-67.66356,-45.55903]],[[-65.92494,-43.60354],[-66.17487,-44.18906],[-66.19207,-44.23329],[-66.22994,-44.31841],[-66.30854,-44.39705],[-66.3092,-44.40031],[-66.34107,-44.42954],[-66.50385,-44.59147],[-66.59944,-44.67111],[-66.61424,-44.68497]],[[-65.63459,-42.32802],[-65.63215,-42.30941],[-65.62723,-42.29109],[-65.62461,-42.28726],[-65.61184,-42.26967],[-65.51813,-42.1928],[-65.51551,-42.18656],[-65.51397,-42.17411],[-65.5054,-42.14863],[-65.50517,-42.14393],[-65.51422,-42.11576],[-65.51405,-42.11119],[-65.53363,-42.0476],[-65.53212,-42.03941],[-65.51686,-42.00828],[-65.517,-41.99487],[-65.51103,-41.97503],[-65.50918,-41.95129],[-65.51318,-41.92306],[-65.50758,-41.91111],[-65.50454,-41.89949],[-65.51132,-41.87516],[-65.52017,-41.86525],[-65.52628,-41.84568],[-65.52661,-41.82601],[-65.51715,-41.80544],[-65.50785,-41.79664],[-65.48944,-41.77305],[-65.49226,-41.7572],[-65.48531,-41.74253],[-65.46358,-41.7262],[-65.44883,-41.71288],[-65.43323,-41.69445],[-65.40913,-41.6213],[-65.36282,-41.4247],[-65.35949,-41.4159],[-65.3271,-41.14536],[-65.32321,-41.13236]],[[-59.2093,-37.28092],[-59.1769,-37.20598],[-59.16015,-37.1619],[-59.15159,-37.14545],[-59.09663,-37.0185],[-58.95584,-36.67709],[-58.93627,-36.63346],[-58.87613,-36.48246],[-58.86607,-36.46146],[-58.79327,-36.2864],[-58.69867,-36.04755]],[[-68.1585,-53.36304],[-68.18162,-53.356],[-68.37845,-53.32355],[-68.38889,-53.3239],[-68.4114,-53.31973],[-68.48277,-53.30169],[-68.49772,-53.29395],[-68.5352,-53.26924],[-68.54353,-53.2622],[-68.56275,-53.25128],[-68.57203,-53.22797],[-68.56938,-53.19863],[-68.5652,-53.17469],[-68.55438,-53.15448],[-68.5146,-53.11279],[-68.51144,-53.10694],[-68.50157,-53.10012],[-68.48329,-53.09623],[-68.47428,-53.08788],[-68.47315,-53.08404],[-68.47766,-53.07874],[-68.48334,-53.07531],[-68.5101,-53.04599],[-68.51855,-53.00587],[-68.52557,-52.99405],[-68.57203,-52.96576],[-68.58402,-52.94952],[-68.58565,-52.94355],[-68.58809,-52.94149],[-68.58755,-52.84602],[-68.58931,-52.8427],[-68.58766,-52.81408],[-68.59074,-52.75975],[-68.59388,-52.74884],[-68.59182,-52.70913],[-68.59497,-52.70343],[-68.59688,-52.68982],[-68.59208,-52.68011]],[[-67.57129,-45.49566],[-67.55391,-45.48179],[-67.53414,-45.47003],[-67.44485,-45.41001],[-67.41314,-45.39532],[-67.38597,-45.3673],[-67.35833,-45.34868],[-67.35332,-45.34069],[-67.34329,-45.31465],[-67.3203,-45.29336],[-67.30257,-45.25967],[-67.2991,-45.25615]],[[-67.66153,-45.55776],[-67.62416,-45.53984],[-67.58853,-45.50894],[-67.57023,-45.49592]],[[-66.88282,-44.89874],[-66.8309,-44.87944],[-66.76344,-44.84767],[-66.68795,-44.75498],[-66.68326,-44.75367],[-66.65631,-44.72656]]]}},{"type":"Feature","properties":{"id":"gasoducto-norte","nombre":"Gasoducto Norte","operador":"TGN","operadores":["TGN"],"km":4190,"tramos":46,"subtipos":{"Paralelo":21,"Troncal":15,"Loop":10}},"geometry":{"type":"MultiLineString","coordinates":[[[-58.67371,-34.47139],[-58.76398,-34.44358],[-58.81773,-34.43407],[-58.82779,-34.43614],[-58.83945,-34.42119],[-58.84076,-34.42173],[-58.8704,-34.38307],[-58.87113,-34.38419],[-58.87476,-34.37939],[-58.89239,-34.38802],[-58.89393,-34.38632],[-58.90202,-34.39042],[-58.94919,-34.38702],[-58.97347,-34.37769],[-58.99207,-34.36547],[-59.01479,-34.34768]],[[-58.94337,-34.63787],[-58.94519,-34.63742],[-58.95543,-34.64283],[-58.96567,-34.62968],[-58.97298,-34.62509],[-58.98728,-34.63385],[-59.01448,-34.61743],[-59.02794,-34.60591],[-59.02855,-34.60219],[-59.02487,-34.59147],[-59.03469,-34.58883],[-59.03705,-34.58593],[-59.03563,-34.57269],[-59.03764,-34.51568],[-59.05334,-34.49037],[-59.06753,-34.47188],[-59.02997,-34.40959],[-59.02952,-34.40193],[-59.01975,-34.39121],[-59.01075,-34.37525],[-59.00322,-34.35697],[-59.01497,-34.34766]],[[-65.10687,-28.09475],[-65.10605,-28.12191],[-65.08609,-28.19773],[-65.08683,-28.20543],[-65.08048,-28.3468],[-65.08424,-28.40422],[-65.06461,-28.59958],[-65.05426,-28.68175],[-65.06689,-28.68619],[-65.06899,-28.68989],[-65.06765,-28.69529],[-65.07538,-28.72825],[-65.05162,-28.75689],[-65.04514,-28.75918],[-65.03401,-28.8261],[-65.01242,-28.9849],[-64.94648,-29.12809],[-64.94302,-29.13105],[-64.94211,-29.13753],[-64.93371,-29.15576],[-64.91693,-29.18557],[-64.91381,-29.19685],[-64.91009,-29.20283],[-64.89166,-29.24963]],[[-65.13763,-26.84833],[-65.14408,-26.87423],[-65.14071,-26.88064],[-65.14181,-26.8855],[-65.13871,-26.91942],[-65.13642,-26.92627],[-65.14179,-27.01231],[-65.15011,-27.09363],[-65.15082,-27.11578],[-65.15347,-27.11723],[-65.15236,-27.14228],[-65.15548,-27.16861],[-65.15347,-27.17305],[-65.15821,-27.31405],[-65.15771,-27.33006],[-65.15273,-27.36163]],[[-65.16995,-26.12715],[-65.18325,-26.14596],[-65.18907,-26.14954],[-65.19667,-26.16019],[-65.20488,-26.17717],[-65.21814,-26.19553],[-65.2398,-26.24897],[-65.24363,-26.27705],[-65.24464,-26.29962],[-65.24676,-26.30217],[-65.24557,-26.30951],[-65.24798,-26.3246],[-65.25563,-26.42529],[-65.27315,-26.52185],[-65.27451,-26.53851],[-65.27709,-26.54577],[-65.27499,-26.55824],[-65.26394,-26.58071],[-65.2608,-26.58372],[-65.25192,-26.60502],[-65.25201,-26.61794],[-65.24477,-26.62932],[-65.24324,-26.63853],[-65.23321,-26.64651],[-65.22986,-26.65523],[-65.15311,-26.77122],[-65.14224,-26.77422],[-65.13443,-26.77958],[-65.10577,-26.78496],[-65.10077,-26.79128],[-65.10528,-26.81143],[-65.10802,-26.81311],[-65.11307,-26.83507],[-65.12255,-26.84064],[-65.13549,-26.83915],[-65.13804,-26.84851]],[[-64.9457,-25.20545],[-64.96376,-25.18984],[-64.97698,-25.16971],[-65.01372,-25.13617],[-65.01382,-25.1263],[-65.00922,-25.10533],[-64.9983,-25.08255],[-64.99197,-25.0239],[-64.98697,-24.92035],[-64.9799,-24.89398],[-64.97594,-24.85565],[-64.94779,-24.74485],[-64.90266,-24.67817],[-64.85287,-24.5089],[-64.84813,-24.47343],[-64.85454,-24.46339],[-64.84237,-24.38686],[-64.81874,-24.26176],[-64.82088,-24.24513],[-64.82028,-24.23602],[-64.81211,-24.22776],[-64.80918,-24.21336],[-64.79351,-24.09852],[-64.78747,-24.07212],[-64.77239,-23.95763],[-64.76418,-23.93184],[-64.76206,-23.88304],[-64.76528,-23.87866],[-64.76572,-23.86895],[-64.74413,-23.81021]],[[-61.07288,-32.86512],[-61.06301,-32.87128],[-61.05997,-32.87887],[-60.86414,-32.99279],[-60.8337,-33.01662],[-60.81333,-33.03526],[-60.77052,-33.06327],[-60.73943,-33.07787],[-60.71949,-33.10828],[-60.69803,-33.12581],[-60.64871,-33.16262],[-60.59942,-33.20594],[-60.55548,-33.23707],[-60.53579,-33.25455],[-60.43127,-33.33327],[-60.38965,-33.36879],[-60.33425,-33.41255],[-60.27264,-33.45828]],[[-64.78975,-29.50082],[-64.73249,-29.6395],[-64.67182,-29.83911],[-64.66722,-29.84973],[-64.64884,-29.88428],[-64.63451,-29.90722],[-64.62863,-29.92518],[-64.49694,-30.19791],[-64.49685,-30.20048],[-64.48471,-30.21485],[-64.48348,-30.21941],[-64.38598,-30.36005],[-64.37074,-30.37691]],[[-65.15269,-27.36131],[-65.15373,-27.36981],[-65.15139,-27.37156],[-65.152,-27.37733],[-65.16558,-27.38918],[-65.16499,-27.39754],[-65.16746,-27.42618],[-65.17116,-27.42935],[-65.17261,-27.43343],[-65.17218,-27.44133],[-65.16971,-27.44568],[-65.17622,-27.50807],[-65.17857,-27.51038],[-65.18006,-27.51682],[-65.17945,-27.53637],[-65.17471,-27.54063],[-65.17249,-27.55217],[-65.16864,-27.55873],[-65.16741,-27.57142],[-65.14316,-27.69502],[-65.11566,-27.85567]],[[-65.13918,-26.85312],[-65.14414,-26.87415],[-65.14077,-26.88088],[-65.14188,-26.88562],[-65.13883,-26.9189],[-65.13657,-26.92533],[-65.14171,-27.00657]],[[-64.74434,-23.81057],[-64.74261,-23.80514],[-64.7256,-23.78745],[-64.71161,-23.76521],[-64.64468,-23.74657],[-64.58958,-23.71682],[-64.56807,-23.70069],[-64.56093,-23.69171],[-64.5608,-23.68924],[-64.55631,-23.68593],[-64.54404,-23.67059],[-64.48298,-23.5714],[-64.47233,-23.54997],[-64.42433,-23.49511],[-64.30742,-23.38782],[-64.22161,-23.30648],[-64.18136,-23.29498],[-64.14884,-23.26642],[-64.14097,-23.25732],[-64.14037,-23.25348]],[[-64.13826,-23.24326],[-64.14234,-23.25847],[-64.17131,-23.28681],[-64.1825,-23.29485],[-64.2112,-23.30388],[-64.21938,-23.30387],[-64.22507,-23.30562],[-64.22788,-23.3121],[-64.23947,-23.32346],[-64.3338,-23.41197]],[[-64.36958,-30.37838],[-64.33617,-30.41704],[-64.33351,-30.41822],[-64.30655,-30.45599],[-64.27261,-30.48444],[-64.26001,-30.49873],[-64.26067,-30.50131],[-64.205,-30.56177],[-64.18774,-30.586],[-64.12962,-30.6785],[-64.12197,-30.69275],[-64.10809,-30.7254],[-64.06555,-30.78592],[-64.06353,-30.79107],[-64.02603,-30.89567],[-63.97271,-31.05768],[-63.96941,-31.27402],[-63.97441,-31.28007],[-63.9742,-31.31969],[-63.97505,-31.32187],[-63.98985,-31.33374],[-63.98642,-31.35512],[-63.98843,-31.36306],[-63.98547,-31.36611],[-63.98719,-31.37589],[-63.97887,-31.38053],[-63.96396,-31.39342],[-63.96391,-31.42488],[-63.9617,-31.43973],[-63.9635,-31.44262],[-63.96347,-31.47684]],[[-64.37038,-30.37717],[-64.34348,-30.40688],[-64.30673,-30.45618],[-64.27285,-30.48456],[-64.2604,-30.49869],[-64.26113,-30.50123],[-64.20525,-30.56201],[-64.18391,-30.59189],[-64.13016,-30.67698],[-64.12183,-30.69254],[-64.10895,-30.72303],[-64.06528,-30.78552],[-64.02575,-30.89581],[-63.97265,-31.05725],[-63.9695,-31.2065],[-63.96896,-31.35004],[-63.96384,-31.375],[-63.96381,-31.42488],[-63.96155,-31.43966],[-63.96333,-31.44304],[-63.96364,-31.47662]],[[-64.14033,-23.2536],[-64.13795,-23.24393],[-64.13379,-23.23796],[-64.06281,-23.15038],[-64.04293,-23.1406],[-64.03231,-23.13305],[-64.00702,-23.10771],[-63.92761,-23.04195],[-63.91426,-23.0357],[-63.91258,-23.03664],[-63.89307,-23.02454],[-63.82702,-22.87462],[-63.82796,-22.81992],[-63.82224,-22.77422],[-63.82213,-22.73486],[-63.81223,-22.68981],[-63.81174,-22.66846],[-63.80883,-22.6451],[-63.80161,-22.60572],[-63.78767,-22.55018],[-63.78589,-22.45586],[-63.76806,-22.35413],[-63.74251,-22.31302],[-63.72151,-22.26216],[-63.69203,-22.23162],[-63.6866,-22.22266],[-63.68696,-22.2185],[-63.68104,-22.2119],[-63.67524,-22.20913],[-63.66292,-22.2095],[-63.66253,-22.2082]],[[-63.28578,-32.29054],[-63.24066,-32.34146],[-63.24017,-32.34514],[-63.23475,-32.34992],[-63.22831,-32.34968],[-63.19365,-32.38802],[-63.14914,-32.41794],[-63.09754,-32.4458],[-62.99101,-32.49876],[-62.78783,-32.55997],[-62.6774,-32.56662]],[[-64.94384,-25.20684],[-64.91644,-25.22756],[-64.91228,-25.24534],[-64.92261,-25.25672],[-64.92257,-25.26129],[-64.92567,-25.26735],[-64.92538,-25.27614],[-64.93462,-25.30938],[-64.93321,-25.31371],[-64.93608,-25.32378],[-64.93197,-25.366],[-64.93445,-25.38236],[-64.9368,-25.43707],[-64.93493,-25.43917],[-64.96883,-25.57512],[-64.96836,-25.58537],[-64.98452,-25.73466],[-65.00623,-25.80038],[-65.01841,-25.82869],[-65.08163,-25.95628]],[[-64.14047,-23.25343],[-64.14204,-23.25846],[-64.14883,-23.26628],[-64.18162,-23.29493],[-64.22194,-23.30664],[-64.3201,-23.39952],[-64.42441,-23.49505],[-64.47241,-23.54997],[-64.49005,-23.58251],[-64.49516,-23.58362],[-64.50198,-23.58919],[-64.50158,-23.60177],[-64.53308,-23.65059],[-64.54407,-23.67046],[-64.55941,-23.67267],[-64.56204,-23.67536],[-64.55997,-23.68696],[-64.56117,-23.69167],[-64.56829,-23.70074],[-64.59007,-23.71699],[-64.64497,-23.74655],[-64.71196,-23.76518],[-64.72575,-23.78747],[-64.74299,-23.80486],[-64.75213,-23.83531],[-64.76593,-23.8688],[-64.76567,-23.87856],[-64.76217,-23.88282],[-64.76428,-23.93156],[-64.7725,-23.95733],[-64.7767,-23.98818],[-64.78159,-23.9962],[-64.77834,-24.00157],[-64.78769,-24.0724],[-64.7937,-24.09759],[-64.80202,-24.16638],[-64.81118,-24.22277],[-64.81235,-24.22782],[-64.82052,-24.23644],[-64.82132,-24.24552],[-64.81912,-24.26206],[-64.82142,-24.27362]],[[-65.08181,-25.95662],[-65.16477,-26.12064],[-65.18313,-26.14613],[-65.18899,-26.14974],[-65.19666,-26.16052],[-65.20293,-26.17389],[-65.21843,-26.19528],[-65.23956,-26.24887],[-65.25517,-26.42324],[-65.27306,-26.52198],[-65.27418,-26.53852],[-65.27699,-26.54543],[-65.27491,-26.55815],[-65.26391,-26.58057],[-65.26081,-26.5835],[-65.25105,-26.60653],[-65.25197,-26.61744],[-65.24467,-26.62928],[-65.24346,-26.63877],[-65.23347,-26.6466],[-65.23073,-26.65438],[-65.15001,-26.77661],[-65.14036,-26.78496],[-65.14093,-26.79184],[-65.13536,-26.80208],[-65.13117,-26.82034],[-65.13778,-26.8486]],[[-64.94437,-25.20623],[-64.96093,-25.19262],[-64.97591,-25.17022],[-65.01348,-25.13589],[-65.01222,-25.13205],[-65.01314,-25.1243],[-65.00887,-25.10534],[-64.9984,-25.08257],[-64.99206,-25.02385],[-64.98706,-24.92034],[-64.98006,-24.89386],[-64.97655,-24.85789],[-64.94804,-24.74487],[-64.90239,-24.67683],[-64.85314,-24.5089],[-64.84843,-24.47335],[-64.85542,-24.46298],[-64.84628,-24.40389],[-64.84487,-24.40206],[-64.82144,-24.274]],[[-64.78951,-29.50167],[-64.80374,-29.46655],[-64.80503,-29.45784],[-64.82518,-29.40754],[-64.83067,-29.40011],[-64.83458,-29.39089],[-64.89157,-29.24989]],[[-63.66675,-22.20984],[-63.67519,-22.20939],[-63.67995,-22.21144],[-63.68654,-22.21872],[-63.68589,-22.22275],[-63.69025,-22.23172],[-63.70584,-22.24584],[-63.72028,-22.26199],[-63.73318,-22.29305],[-63.73822,-22.30914],[-63.74644,-22.32062],[-63.74949,-22.33381],[-63.75166,-22.33638],[-63.76761,-22.38026],[-63.77001,-22.38261],[-63.7733,-22.39918],[-63.76994,-22.4041],[-63.77004,-22.40936],[-63.77308,-22.4196],[-63.77352,-22.42737],[-63.77755,-22.43281],[-63.77885,-22.44412],[-63.73802,-22.44462],[-63.73772,-22.48416],[-63.73256,-22.50243],[-63.73928,-22.55868],[-63.73845,-22.56316],[-63.74568,-22.57084],[-63.75811,-22.59168],[-63.78923,-22.60154],[-63.79335,-22.62982],[-63.80529,-22.62964],[-63.80964,-22.65689],[-63.81159,-22.69007],[-63.81434,-22.70668],[-63.81957,-22.7071],[-63.82252,-22.72037],[-63.82504,-22.72166],[-63.82737,-22.73234],[-63.8324,-22.74107],[-63.83365,-22.75834],[-63.8223,-22.75871],[-63.8216,-22.75996],[-63.82823,-22.81959],[-63.82734,-22.87468],[-63.8931,-23.02411],[-63.9124,-23.03698],[-63.91498,-23.03577],[-63.92766,-23.04174],[-64.00708,-23.10752],[-64.01718,-23.11937],[-64.02011,-23.12057],[-64.0322,-23.13272],[-64.04303,-23.14041],[-64.06302,-23.15024],[-64.13884,-23.24438]],[[-62.54468,-32.57438],[-62.00047,-32.67039],[-61.95987,-32.68023],[-61.92445,-32.69503],[-61.85451,-32.70406],[-61.7969,-32.70962],[-61.6878,-32.72566],[-61.2667,-32.79808],[-61.22574,-32.80175],[-61.18135,-32.79729],[-61.07414,-32.86459]],[[-65.12318,-27.81095],[-65.11559,-27.85184],[-65.10573,-28.12201],[-65.08736,-28.18867],[-65.08308,-28.28966]],[[-59.01504,-34.34749],[-59.03964,-34.32822],[-59.0887,-34.27564],[-59.11503,-34.24971],[-59.14528,-34.22379],[-59.26925,-34.15209],[-59.2789,-34.14305],[-59.34776,-34.08913],[-59.44939,-34.02451],[-59.49807,-33.98762],[-59.61569,-33.894],[-59.64133,-33.88104],[-59.66177,-33.86724],[-59.70126,-33.84522],[-59.70847,-33.84299],[-59.72337,-33.83437],[-59.7556,-33.81989],[-59.77147,-33.80775],[-59.83154,-33.77914],[-59.86446,-33.75989],[-59.9268,-33.71086],[-59.97156,-33.6787],[-60.08508,-33.58928],[-60.11799,-33.56575],[-60.17235,-33.5203],[-60.19298,-33.50619],[-60.27241,-33.45844]],[[-64.8539,-24.46007],[-64.85441,-24.46357],[-64.84817,-24.4734],[-64.85305,-24.50891],[-64.9021,-24.67787],[-64.94755,-24.74487],[-64.97562,-24.85554],[-64.97958,-24.897],[-64.98618,-24.92148],[-64.98557,-24.9323],[-64.98951,-24.97193],[-64.99189,-25.02435],[-64.9984,-25.08509],[-65.00896,-25.10528],[-65.01343,-25.12505],[-65.0125,-25.13318],[-65.00903,-25.14042],[-64.97593,-25.17035],[-64.96142,-25.19238],[-64.91648,-25.22737],[-64.91408,-25.23281],[-64.912,-25.24618],[-64.91998,-25.25714],[-64.92056,-25.27574],[-64.92398,-25.28033],[-64.92755,-25.28204],[-64.93447,-25.30932],[-64.93202,-25.3145],[-64.93537,-25.33194],[-64.92986,-25.35411],[-64.93423,-25.3809],[-64.93542,-25.40826]],[[-64.82171,-24.27393],[-64.84446,-24.39892],[-64.84614,-24.40155],[-64.85552,-24.46301],[-64.84854,-24.47366],[-64.85394,-24.51127],[-64.86207,-24.53992]],[[-63.96352,-31.47696],[-63.96389,-31.51393],[-63.9527,-31.54078],[-63.93007,-31.56274]],[[-65.08191,-25.95648],[-65.1667,-26.12313]],[[-60.08464,-33.58978],[-60.11812,-33.56578],[-60.17257,-33.52024],[-60.19322,-33.50615],[-60.27907,-33.4547],[-60.30756,-33.43348],[-60.38984,-33.36876],[-60.43304,-33.33201],[-60.53566,-33.25512],[-60.55559,-33.23722],[-60.59983,-33.20578],[-60.64732,-33.16416],[-60.71945,-33.1085],[-60.73911,-33.07842],[-60.76616,-33.06609],[-60.81306,-33.03559],[-60.83382,-33.01681],[-60.86382,-32.99317],[-61.05834,-32.87996],[-61.0604,-32.87862],[-61.06326,-32.8712],[-61.07386,-32.86516]],[[-60.08459,-33.58981],[-59.97159,-33.67878],[-59.92657,-33.71116],[-59.86454,-33.75997],[-59.83136,-33.77934],[-59.77098,-33.80825],[-59.75563,-33.81998],[-59.72331,-33.83451],[-59.70853,-33.84307],[-59.70194,-33.84503],[-59.66178,-33.86734],[-59.64141,-33.88113],[-59.61574,-33.89409],[-59.44911,-34.02481],[-59.34859,-34.08873],[-59.26935,-34.15216],[-59.14528,-34.22387],[-59.11457,-34.25028],[-59.08866,-34.27585],[-59.06075,-34.3047],[-59.06053,-34.30758],[-59.03964,-34.32842],[-59.01512,-34.3476]],[[-64.14062,-23.25358],[-64.13894,-23.24486],[-64.13269,-23.23615],[-64.06291,-23.15031],[-64.04316,-23.1406],[-64.03224,-23.13287],[-64.00724,-23.10779],[-63.92771,-23.04189],[-63.91424,-23.03558],[-63.91274,-23.03663],[-63.89311,-23.02432],[-63.82712,-22.8746],[-63.8281,-22.81951],[-63.82234,-22.77425],[-63.82223,-22.73476],[-63.8123,-22.68971],[-63.81181,-22.66854],[-63.8093,-22.64832],[-63.80176,-22.60589],[-63.7878,-22.55005],[-63.78599,-22.45601],[-63.76812,-22.35405],[-63.74249,-22.31279],[-63.72158,-22.26209],[-63.69096,-22.23009],[-63.68663,-22.22252],[-63.68701,-22.21844],[-63.68098,-22.21171],[-63.67487,-22.209],[-63.66293,-22.20942],[-63.6626,-22.2082]],[[-65.1378,-26.84865],[-65.14381,-26.87437],[-65.14051,-26.88056],[-65.14167,-26.88557],[-65.13858,-26.91923],[-65.13622,-26.9258],[-65.14109,-27.00711],[-65.15149,-27.12181],[-65.15798,-27.29997],[-65.15793,-27.32913],[-65.15269,-27.36194],[-65.15484,-27.37442],[-65.16303,-27.38093],[-65.16572,-27.38575],[-65.16488,-27.39744],[-65.17671,-27.51316],[-65.11569,-27.8518],[-65.10669,-28.09249]],[[-64.33439,-23.41251],[-64.42053,-23.49183],[-64.42865,-23.49389],[-64.43121,-23.50306],[-64.47249,-23.54989],[-64.48321,-23.57195],[-64.49026,-23.58269],[-64.49574,-23.58431],[-64.50211,-23.58948],[-64.50176,-23.60058],[-64.50341,-23.60423],[-64.53272,-23.64916],[-64.54422,-23.6705],[-64.56139,-23.68976],[-64.56146,-23.69188],[-64.56844,-23.70071],[-64.59094,-23.71784],[-64.64462,-23.74678],[-64.71103,-23.76531],[-64.72555,-23.78787],[-64.73789,-23.80073],[-64.7381,-23.80423],[-64.74475,-23.81343],[-64.7652,-23.87098],[-64.76394,-23.87766],[-64.76074,-23.88151],[-64.76439,-23.93143],[-64.77256,-23.95707],[-64.77683,-23.98824],[-64.78174,-23.99614],[-64.77846,-24.00172],[-64.78781,-24.0722],[-64.79415,-24.09821],[-64.80176,-24.16363],[-64.80935,-24.21298],[-64.81232,-24.22766],[-64.82139,-24.23511],[-64.8216,-24.24552],[-64.81918,-24.26184],[-64.82171,-24.27371]],[[-62.23109,-32.62997],[-62.00033,-32.67049],[-61.95987,-32.68036],[-61.92453,-32.69509],[-61.85555,-32.70411],[-61.79583,-32.70988],[-61.63393,-32.73517]],[[-59.09674,-34.2688],[-59.0934,-34.2684],[-59.08752,-34.27302],[-59.08739,-34.27734],[-59.07766,-34.28705],[-59.07674,-34.28982],[-59.07269,-34.29221],[-59.06095,-34.30462],[-59.06065,-34.30759],[-59.03971,-34.32848],[-59.0158,-34.34719]],[[-64.56223,-23.67566],[-64.56113,-23.69178],[-64.56856,-23.70119],[-64.58981,-23.71712],[-64.64451,-23.7466],[-64.67345,-23.75468],[-64.67835,-23.75839],[-64.684,-23.75762],[-64.71159,-23.76552],[-64.72552,-23.78764],[-64.74059,-23.80336],[-64.74433,-23.81189],[-64.76545,-23.86978],[-64.7645,-23.87753],[-64.76086,-23.8817],[-64.7641,-23.93195],[-64.77223,-23.95737],[-64.78732,-24.07181],[-64.79348,-24.09949],[-64.80908,-24.21458],[-64.81182,-24.22769],[-64.81882,-24.23467],[-64.81725,-24.25486],[-64.8422,-24.38653],[-64.8539,-24.46003]],[[-64.94367,-25.20711],[-64.91651,-25.22771],[-64.91242,-25.24536],[-64.9228,-25.25689],[-64.92299,-25.26198],[-64.92581,-25.26741],[-64.92548,-25.27603],[-64.93466,-25.30896],[-64.93347,-25.31375],[-64.93772,-25.32916],[-64.93392,-25.35764],[-64.9365,-25.36604],[-64.93448,-25.37204],[-64.93529,-25.37839],[-64.9339,-25.37977],[-64.93595,-25.43945],[-64.9498,-25.50053],[-64.96508,-25.55925],[-64.969,-25.56713],[-64.96926,-25.58838],[-64.98462,-25.73461],[-65.00634,-25.80036],[-65.01843,-25.82835],[-65.08186,-25.95642]],[[-61.07317,-32.86568],[-61.0634,-32.87124],[-61.06032,-32.87885],[-61.02156,-32.9017],[-61.02017,-32.9041],[-61.01308,-32.90667],[-60.93973,-32.9492]],[[-65.16644,-26.12262],[-65.16896,-26.12576]],[[-58.76331,-34.24522],[-58.77024,-34.25514],[-58.78064,-34.27654],[-58.80359,-34.27004],[-58.81234,-34.28043],[-58.83293,-34.29612],[-58.85654,-34.30674],[-58.88688,-34.32328],[-58.92107,-34.31481],[-58.94481,-34.32519],[-58.9651,-34.35112],[-58.99017,-34.36564],[-59.01447,-34.34707]],[[-62.54483,-32.57432],[-62.5656,-32.57078],[-62.60743,-32.57244],[-62.78805,-32.55983],[-62.99106,-32.49898],[-63.0952,-32.44683],[-63.14926,-32.41748],[-63.19362,-32.38793],[-63.22837,-32.34948],[-63.23448,-32.34833],[-63.28719,-32.2888],[-63.80244,-31.70119],[-63.87663,-31.61428],[-63.95256,-31.54078],[-63.96377,-31.51386],[-63.96364,-31.47697]],[[-65.10668,-28.09297],[-65.10543,-28.12209],[-65.08724,-28.18881],[-65.08027,-28.34702],[-65.08405,-28.40426],[-65.06443,-28.59947],[-65.05409,-28.6818],[-65.06322,-28.6857],[-65.06718,-28.69314],[-65.07515,-28.72828],[-65.05147,-28.75681],[-65.04499,-28.75905],[-65.03371,-28.82669],[-65.01264,-28.9849],[-64.93404,-29.15559],[-64.91711,-29.18566],[-64.91387,-29.19706],[-64.91021,-29.20301],[-64.8919,-29.24962]],[[-63.93045,-31.56265],[-63.87677,-31.61429],[-63.86403,-31.62951],[-63.85969,-31.63122],[-63.85883,-31.63526],[-63.83716,-31.66121],[-63.8375,-31.66449],[-63.83475,-31.6704],[-63.82704,-31.67244],[-63.61367,-31.91706]],[[-64.18672,-30.5881],[-64.20541,-30.56196],[-64.26104,-30.50145],[-64.26044,-30.49878],[-64.27248,-30.48511],[-64.30703,-30.45597],[-64.34369,-30.40679],[-64.37049,-30.37724]],[[-64.89182,-29.2498],[-64.83183,-29.39872],[-64.82512,-29.408],[-64.80491,-29.45844],[-64.80384,-29.46662],[-64.73264,-29.63935],[-64.67147,-29.84054],[-64.64867,-29.8842],[-64.63435,-29.90709],[-64.62842,-29.92515],[-64.49357,-30.20437],[-64.48598,-30.21324],[-64.48344,-30.21912],[-64.38585,-30.35991],[-64.37066,-30.37685]],[[-64.93543,-25.4083],[-64.93667,-25.43707],[-64.93486,-25.4391],[-64.93528,-25.44173],[-64.96874,-25.57525],[-64.96792,-25.58497],[-64.9844,-25.73462],[-65.00561,-25.79947],[-65.0298,-25.8537],[-65.16479,-26.12081],[-65.18332,-26.14653],[-65.18873,-26.14976],[-65.19659,-26.16094],[-65.20304,-26.17388],[-65.21826,-26.19478],[-65.23947,-26.24885],[-65.25469,-26.42295],[-65.27287,-26.52172],[-65.27347,-26.53918],[-65.27663,-26.54563],[-65.27455,-26.553],[-65.27484,-26.55807],[-65.26383,-26.58051],[-65.26073,-26.5834],[-65.2583,-26.59159],[-65.25075,-26.60655],[-65.25188,-26.61751],[-65.24443,-26.62883],[-65.24336,-26.63873],[-65.23334,-26.64645],[-65.23058,-26.65445],[-65.15222,-26.77291],[-65.14028,-26.7848],[-65.14092,-26.79146],[-65.13531,-26.80186],[-65.13105,-26.82017],[-65.13757,-26.84831]]]}},{"type":"Feature","properties":{"id":"neuba","nombre":"Neuba","operador":"TGS","operadores":["TGS"],"km":3251,"tramos":42,"subtipos":{"Troncal":37,"Loop":4,"Proyecto":1}},"geometry":{"type":"MultiLineString","coordinates":[[[-60.24117,-36.90391],[-60.31571,-36.96347],[-60.34084,-36.98178],[-60.41287,-37.18473],[-60.44755,-37.3427],[-60.49549,-37.59635],[-60.52652,-37.74489],[-60.52881,-37.76522],[-60.54059,-37.80919],[-60.56999,-37.94697],[-60.60416,-38.02518],[-60.61271,-38.03886],[-60.61695,-38.04532],[-60.65781,-38.08616]],[[-59.01438,-34.83458],[-59.03875,-34.88336],[-59.06879,-34.93489],[-59.07241,-34.94605],[-59.0797,-34.95535],[-59.09362,-34.97918],[-59.09341,-35.00657],[-59.09905,-35.06096],[-59.14933,-35.10591],[-59.15876,-35.12805],[-59.1822,-35.14342],[-59.2089,-35.16696],[-59.20955,-35.1703],[-59.22673,-35.19161],[-59.30543,-35.2758],[-59.34276,-35.30325],[-59.37421,-35.34223],[-59.36851,-35.37719],[-59.45654,-35.45375],[-59.4556,-35.47591],[-59.45812,-35.49738],[-59.45198,-35.54187],[-59.45057,-35.54423],[-59.44974,-35.55945],[-59.46029,-35.57459],[-59.45624,-35.61075],[-59.45794,-35.61937],[-59.49935,-35.67133],[-59.52318,-35.71111],[-59.54912,-35.74189],[-59.58316,-35.7885]],[[-60.22636,-35.13786],[-60.21412,-35.13487],[-60.19799,-35.12761],[-60.17865,-35.11588],[-60.17857,-35.10885],[-60.14844,-35.09313],[-60.11102,-35.06942],[-60.0621,-35.04785],[-60.03865,-35.04059],[-59.99283,-35.01402],[-59.96891,-34.99811],[-59.9646,-34.99655],[-59.94927,-34.99581],[-59.9298,-34.98544],[-59.90651,-34.97805],[-59.87868,-34.96507],[-59.85984,-34.95888],[-59.85853,-34.95987],[-59.84853,-34.95686],[-59.81931,-34.94506],[-59.77704,-34.93414],[-59.73641,-34.91468],[-59.71796,-34.90315],[-59.66812,-34.8854],[-59.64036,-34.87804],[-59.60539,-34.8607],[-59.57098,-34.86558],[-59.52546,-34.85883],[-59.44669,-34.86126],[-59.43312,-34.85463],[-59.39608,-34.85914],[-59.37576,-34.85577],[-59.34424,-34.84703],[-59.26565,-34.85008],[-59.20378,-34.83857],[-59.08837,-34.84098],[-59.06128,-34.84037],[-59.04821,-34.83802],[-59.03808,-34.83869],[-59.03228,-34.83486],[-59.01395,-34.83464]],[[-62.40531,-38.6868],[-62.40634,-38.69055],[-62.43466,-38.69706],[-62.52271,-38.71277],[-62.58392,-38.73896],[-62.68016,-38.77523],[-62.73474,-38.78774],[-62.90736,-38.83944],[-63.10076,-38.86912],[-63.10611,-38.86803],[-63.1125,-38.87095],[-63.48271,-38.9267],[-63.79411,-38.94421],[-63.86286,-38.95851],[-63.87217,-38.9568],[-63.88154,-38.96239],[-63.91735,-38.96966],[-64.06946,-38.96971],[-64.07508,-38.96731],[-64.09865,-38.96725],[-64.11773,-38.96987],[-64.12166,-38.97491],[-64.12523,-38.98714],[-64.13884,-38.98694],[-64.52379,-39.01862],[-64.71169,-39.03224],[-65.18386,-39.0316]],[[-65.87697,-39.03475],[-65.64469,-39.03021],[-65.57686,-39.02667],[-65.07949,-39.03218],[-64.71544,-39.03253],[-64.60745,-39.02526],[-64.13761,-38.98667],[-64.12576,-38.987],[-64.1221,-38.97454],[-64.11759,-38.96883],[-64.0753,-38.96717],[-64.06724,-38.96957]],[[-65.33706,-39.02988],[-65.57729,-39.0263],[-65.64342,-39.02975],[-65.87634,-39.03459]],[[-61.15383,-35.86427],[-61.14649,-35.85458],[-61.12352,-35.84252],[-61.09804,-35.81807],[-61.07202,-35.79879],[-61.05315,-35.7771],[-61.04674,-35.75443],[-61.03176,-35.74377],[-60.99994,-35.71646],[-60.99748,-35.71606],[-60.99021,-35.70893],[-60.97445,-35.68778],[-60.92814,-35.64411],[-60.90888,-35.61579],[-60.90279,-35.60384],[-60.90433,-35.60036],[-60.89704,-35.58604],[-60.88268,-35.57159],[-60.86894,-35.5609],[-60.84765,-35.54596],[-60.83948,-35.54388],[-60.82935,-35.53543],[-60.82425,-35.52591],[-60.8016,-35.50769],[-60.78463,-35.50088],[-60.76486,-35.49949],[-60.75654,-35.49702],[-60.74058,-35.47328],[-60.71195,-35.44953],[-60.67959,-35.4489],[-60.66873,-35.43975],[-60.66009,-35.43738],[-60.64219,-35.42829],[-60.62222,-35.42561],[-60.58738,-35.39755],[-60.56245,-35.38343],[-60.53531,-35.3651],[-60.48956,-35.32893],[-60.4859,-35.31473],[-60.47242,-35.30326],[-60.45809,-35.29737],[-60.407,-35.25977],[-60.39831,-35.24712],[-60.39307,-35.24452],[-60.39109,-35.23705],[-60.37408,-35.20967],[-60.35746,-35.19189],[-60.3436,-35.19054],[-60.32779,-35.17877],[-60.30838,-35.15971],[-60.2852,-35.15806],[-60.22722,-35.13817]],[[-62.39004,-38.68132],[-62.38922,-38.67977],[-62.39399,-38.67264],[-62.40173,-38.64612],[-62.39977,-38.62901],[-62.42368,-38.5858],[-62.43538,-38.56055],[-62.44991,-38.50131],[-62.4811,-38.40426],[-62.48993,-38.36486],[-62.49793,-38.35461],[-62.51147,-38.3082],[-62.52055,-38.28774],[-62.52167,-38.27637],[-62.53272,-38.23137],[-62.55785,-38.15231],[-62.56603,-38.10526],[-62.57544,-38.08005],[-62.60358,-38.01829],[-62.6731,-37.96182],[-62.71086,-37.92663],[-62.71141,-37.90602],[-62.71545,-37.8805],[-62.68844,-37.77339],[-62.69093,-37.72787],[-62.69108,-37.67665],[-62.69379,-37.66901],[-62.69201,-37.66604],[-62.69423,-37.66065],[-62.69184,-37.59506],[-62.6986,-37.56352],[-62.69697,-37.545],[-62.69786,-37.50141],[-62.69307,-37.427],[-62.69426,-37.40637],[-62.6979,-37.40108],[-62.69108,-37.38294],[-62.69714,-37.37338],[-62.69578,-37.34648],[-62.69842,-37.33365],[-62.6923,-37.31791],[-62.69372,-37.29497],[-62.68576,-37.20426],[-62.68898,-37.18152],[-62.68789,-37.17967],[-62.70539,-37.1439],[-62.71266,-37.11133],[-62.71202,-37.10706],[-62.74252,-37.06379],[-62.72817,-37.00237],[-62.71056,-36.94157],[-62.7026,-36.9239],[-62.68895,-36.90348],[-62.66126,-36.85371]],[[-68.57035,-38.43497],[-68.40837,-38.47493]],[[-66.53499,-39.02638],[-66.50689,-39.02513],[-66.29737,-39.0367],[-66.01343,-39.03714],[-65.64676,-39.03038],[-65.57727,-39.02683],[-65.18393,-39.03159]],[[-59.01462,-34.8346],[-59.03225,-34.835],[-59.03624,-34.83773],[-59.05621,-34.83845],[-59.06131,-34.84023],[-59.08897,-34.84086],[-59.2038,-34.83844],[-59.26567,-34.84994],[-59.34417,-34.84689],[-59.37584,-34.85565],[-59.3961,-34.85901],[-59.43314,-34.85449],[-59.44672,-34.86111],[-59.52506,-34.85868],[-59.57095,-34.86544],[-59.60541,-34.86056],[-59.64042,-34.87791],[-59.66819,-34.88528],[-59.71804,-34.90304],[-59.7365,-34.91457],[-59.77712,-34.93402],[-59.81939,-34.94495],[-59.84859,-34.95673],[-59.85849,-34.95972],[-59.85984,-34.95874],[-59.87874,-34.96494],[-59.90657,-34.97793],[-59.92986,-34.98531],[-59.94932,-34.99568],[-59.96462,-34.99642],[-59.969,-34.998],[-59.99293,-35.01391],[-60.03873,-35.04047],[-60.06218,-35.04773],[-60.11112,-35.06931],[-60.14853,-35.09302],[-60.1787,-35.10877],[-60.17882,-35.11581],[-60.19808,-35.1275],[-60.2141,-35.13471],[-60.2195,-35.13527],[-60.28524,-35.15792],[-60.30843,-35.15958],[-60.32792,-35.17868],[-60.3437,-35.19043],[-60.35758,-35.19179],[-60.37422,-35.20959],[-60.39125,-35.23699],[-60.39322,-35.24445],[-60.39845,-35.24704],[-60.40712,-35.25968],[-60.45819,-35.29726],[-60.47254,-35.30316],[-60.48606,-35.31473],[-60.48911,-35.32838],[-60.53556,-35.36511],[-60.56269,-35.38339],[-60.58659,-35.39684],[-60.62227,-35.42549],[-60.64217,-35.42815],[-60.66009,-35.43722],[-60.66893,-35.43966],[-60.6798,-35.44882],[-60.71213,-35.44943],[-60.7407,-35.47315],[-60.75663,-35.4969],[-60.76489,-35.49936],[-60.78467,-35.50075],[-60.80077,-35.50686],[-60.82438,-35.52582],[-60.82949,-35.53536],[-60.83958,-35.54376],[-60.84773,-35.54584],[-60.88227,-35.57105],[-60.89791,-35.58671],[-60.9046,-35.60064],[-60.90296,-35.60382],[-60.90636,-35.61073],[-60.92827,-35.64402],[-60.97458,-35.6877],[-60.99034,-35.70885],[-60.99759,-35.71596],[-61.00005,-35.71636],[-61.03187,-35.74367],[-61.04688,-35.75435],[-61.05331,-35.77705],[-61.07215,-35.7987],[-61.09816,-35.81798],[-61.12362,-35.84242],[-61.14661,-35.85448],[-61.15395,-35.86418]],[[-62.69372,-37.66156],[-62.69167,-37.59505],[-62.69843,-37.5635],[-62.6968,-37.54501],[-62.69769,-37.50141],[-62.6929,-37.42696],[-62.69409,-37.40635],[-62.69773,-37.40109],[-62.69091,-37.38296],[-62.69697,-37.37334],[-62.69561,-37.34647],[-62.69824,-37.33366],[-62.69213,-37.31793],[-62.69354,-37.29466],[-62.6856,-37.20425],[-62.68881,-37.18151],[-62.68772,-37.17965],[-62.70523,-37.14383],[-62.71249,-37.11132],[-62.71186,-37.10701],[-62.74235,-37.0638],[-62.72801,-37.0024],[-62.7104,-36.94161],[-62.70245,-36.92396],[-62.6888,-36.90354],[-62.6611,-36.85374]],[[-62.39063,-38.68155],[-62.38904,-38.67981],[-62.39384,-38.67258],[-62.40158,-38.64607],[-62.39959,-38.62888],[-62.42354,-38.58574],[-62.43521,-38.5605],[-62.44924,-38.50297],[-62.48098,-38.40399],[-62.48975,-38.3648],[-62.49773,-38.35456],[-62.51131,-38.30816],[-62.52037,-38.2877],[-62.52149,-38.27637],[-62.53252,-38.23136],[-62.55768,-38.15228],[-62.56588,-38.10516],[-62.57529,-38.08],[-62.6035,-38.01814],[-62.67302,-37.96169],[-62.71066,-37.92677],[-62.71118,-37.90629],[-62.7153,-37.88047],[-62.68828,-37.77359],[-62.69076,-37.72787],[-62.69091,-37.67663],[-62.69362,-37.66898],[-62.69184,-37.66604],[-62.69357,-37.66195]],[[-62.38979,-38.68356],[-62.1077,-38.61626],[-61.76952,-38.52525],[-61.58913,-38.47469],[-61.23937,-38.33595],[-60.97733,-38.22382],[-60.69978,-38.10276],[-60.65792,-38.08619]],[[-59.01432,-34.83449],[-59.00508,-34.81564],[-58.99365,-34.78502],[-58.98199,-34.76153],[-58.98544,-34.75584],[-58.99387,-34.73094],[-58.99929,-34.71987],[-58.99769,-34.71411],[-58.99157,-34.70178],[-58.97557,-34.69328],[-58.95688,-34.67798],[-58.95565,-34.66399],[-58.95202,-34.64907],[-58.94757,-34.64138],[-58.94412,-34.63922],[-58.94407,-34.63715],[-58.91002,-34.61869],[-58.90535,-34.60345],[-58.90626,-34.60105],[-58.88101,-34.58379],[-58.88672,-34.57781],[-58.86359,-34.5642],[-58.85141,-34.55287],[-58.81864,-34.53608],[-58.82342,-34.53119],[-58.80998,-34.52227],[-58.80848,-34.52383],[-58.80025,-34.51843],[-58.78157,-34.50497],[-58.78235,-34.50398],[-58.74198,-34.48304],[-58.746,-34.47553],[-58.72797,-34.4661],[-58.72561,-34.46913],[-58.71464,-34.46325],[-58.70939,-34.46972],[-58.7001,-34.4646],[-58.68094,-34.47137],[-58.67372,-34.47165]],[[-67.32277,-38.98567],[-67.04216,-39.02891],[-67.02432,-39.03114],[-66.96266,-39.0329]],[[-66.53481,-39.02622],[-66.51162,-39.02481],[-66.47227,-39.027]],[[-68.40063,-38.47684],[-68.29123,-38.50377]],[[-63.72223,-38.94012],[-63.61696,-38.9342],[-63.61339,-38.93279],[-63.60662,-38.93354],[-63.55019,-38.9304]],[[-67.32541,-38.98539],[-67.02393,-39.03143],[-66.90064,-39.03484],[-66.56441,-39.02886],[-66.51162,-39.02467],[-66.30619,-39.03645],[-66.02002,-39.03707],[-65.87702,-39.03473]],[[-61.8663,-36.37062],[-61.83838,-36.35872],[-61.82748,-36.35741],[-61.8133,-36.35282],[-61.78891,-36.33891],[-61.74772,-36.30448],[-61.74277,-36.29299],[-61.72849,-36.28162],[-61.69108,-36.27325],[-61.66653,-36.26978],[-61.6452,-36.26898],[-61.62541,-36.25911],[-61.59339,-36.23759],[-61.57652,-36.22424],[-61.57561,-36.21938],[-61.56175,-36.19799],[-61.54097,-36.18101],[-61.53368,-36.17786],[-61.51522,-36.17381],[-61.49015,-36.15811],[-61.45769,-36.1416],[-61.42538,-36.11458],[-61.41102,-36.09367],[-61.38406,-36.06624],[-61.36307,-36.05191],[-61.35349,-36.04751],[-61.32014,-36.01053],[-61.30538,-35.98976],[-61.29749,-35.98315],[-61.28038,-35.95807],[-61.25595,-35.93933],[-61.21894,-35.90746],[-61.19295,-35.89751],[-61.17119,-35.87817],[-61.15817,-35.87093],[-61.15442,-35.86475]],[[-68.70885,-38.41071],[-68.6884,-38.42599],[-68.67366,-38.42725],[-68.65583,-38.43489],[-68.6322,-38.45723],[-68.60846,-38.47028],[-68.60163,-38.47196],[-68.58751,-38.46703],[-68.58737,-38.45971],[-68.57903,-38.45218],[-68.5768,-38.44722],[-68.57603,-38.43815],[-68.57264,-38.43496],[-68.56895,-38.43517],[-68.29089,-38.50387],[-67.96692,-38.55038],[-67.96458,-38.55377],[-67.93034,-38.55819],[-67.90991,-38.57056],[-67.9065,-38.57778],[-67.78171,-38.6802],[-67.7607,-38.73218],[-67.6717,-38.8646],[-67.67121,-38.86895],[-67.68092,-38.89744],[-67.67773,-38.91837],[-67.6728,-38.92589],[-67.66587,-38.93173],[-67.65458,-38.93788],[-67.4699,-38.97441],[-67.43646,-38.97334],[-67.35876,-38.98006],[-67.32547,-38.98525]],[[-68.83625,-38.7491],[-68.82633,-38.74802],[-68.82137,-38.7442],[-68.81415,-38.73502],[-68.80759,-38.73398],[-68.65803,-38.72569],[-68.61412,-38.72719],[-68.51035,-38.76114],[-68.49951,-38.76794],[-68.49061,-38.77118],[-68.47371,-38.77269],[-68.27834,-38.83246],[-68.23798,-38.84752],[-68.16123,-38.88241],[-68.0955,-38.90578],[-68.07217,-38.9193],[-68.05811,-38.92311],[-68.04674,-38.9181],[-68.01519,-38.91698],[-68.01479,-38.91245],[-68.00237,-38.91229],[-68.00189,-38.90946],[-67.9672,-38.908],[-67.95311,-38.9166],[-67.91586,-38.92544],[-67.80649,-38.92526],[-67.79728,-38.92253],[-67.69841,-38.93137],[-67.67723,-38.92941],[-67.66876,-38.93065],[-67.65465,-38.93826],[-67.53581,-38.96181]],[[-62.66093,-36.85248],[-62.64741,-36.84073],[-62.6292,-36.81929],[-62.57907,-36.79402],[-62.56102,-36.77872],[-62.52906,-36.75609],[-62.51016,-36.73978],[-62.44436,-36.7307],[-62.42018,-36.71881],[-62.40682,-36.70905],[-62.36011,-36.68203],[-62.32789,-36.67133],[-62.30027,-36.65872],[-62.27142,-36.64322],[-62.26055,-36.63178],[-62.23249,-36.60817],[-62.21588,-36.60633],[-62.18625,-36.58269],[-62.18265,-36.57588],[-62.16379,-36.56287],[-62.14715,-36.55726],[-62.12061,-36.53668],[-62.10491,-36.52798],[-62.09998,-36.52359],[-62.10125,-36.51984],[-62.08136,-36.50152],[-62.06186,-36.47642],[-62.00682,-36.44958],[-61.96211,-36.42507],[-61.92831,-36.39894],[-61.91735,-36.3962],[-61.89382,-36.382],[-61.87558,-36.37595],[-61.85975,-36.36701],[-61.83843,-36.35859],[-61.82051,-36.35553],[-61.80475,-36.34851],[-61.78902,-36.33881],[-61.75098,-36.30733],[-61.74706,-36.30369],[-61.74284,-36.29283],[-61.72885,-36.28168],[-61.69089,-36.27307],[-61.66654,-36.26964],[-61.64524,-36.26885],[-61.62551,-36.259],[-61.5935,-36.23749],[-61.57666,-36.22415],[-61.57597,-36.21974],[-61.56174,-36.19773],[-61.54116,-36.18096],[-61.53336,-36.1776],[-61.51523,-36.17367],[-61.48999,-36.15786],[-61.458,-36.14165],[-61.4257,-36.11471],[-61.4111,-36.0935],[-61.38429,-36.06624],[-61.36346,-36.052],[-61.3536,-36.04741],[-61.32029,-36.01046],[-61.30552,-35.98969],[-61.29763,-35.98307],[-61.2781,-35.95613]],[[-64.05899,-38.96947],[-63.91747,-38.9693],[-63.88178,-38.96201],[-63.87244,-38.95615],[-63.86312,-38.95816],[-63.84637,-38.95467]],[[-67.53572,-38.96185],[-67.46777,-38.97516],[-67.43682,-38.97362],[-67.35247,-38.98137],[-67.02887,-39.03142],[-66.9038,-39.03497],[-66.57593,-39.02927],[-66.53504,-39.02639]],[[-59.00863,-34.82325],[-58.99355,-34.78505],[-58.98177,-34.76136],[-58.98519,-34.75616],[-58.99362,-34.73123],[-58.99918,-34.71985],[-58.99758,-34.71413],[-58.99148,-34.70184],[-58.97579,-34.69361],[-58.95676,-34.67801],[-58.95549,-34.66403],[-58.95186,-34.6491],[-58.94599,-34.64035]],[[-64.06645,-38.96957],[-63.91744,-38.96952],[-63.88166,-38.96224],[-63.87219,-38.95647],[-63.86293,-38.95827],[-63.7944,-38.94397],[-63.61763,-38.93395],[-63.61365,-38.93258],[-63.60651,-38.93334],[-63.48274,-38.92643],[-63.11232,-38.87066],[-63.10608,-38.86777],[-63.10059,-38.86887],[-62.90743,-38.83917],[-62.73289,-38.78686],[-62.68035,-38.77506],[-62.58412,-38.73885],[-62.52261,-38.7126],[-62.42598,-38.69219],[-62.40549,-38.68659]],[[-65.18352,-39.03149],[-64.99187,-39.03258]],[[-62.66108,-36.85368],[-62.64727,-36.84081],[-62.62907,-36.81938],[-62.57896,-36.79413],[-62.56089,-36.77882],[-62.52893,-36.75618],[-62.51008,-36.7399],[-62.4443,-36.73083],[-62.42007,-36.71893],[-62.40723,-36.70948],[-62.36003,-36.68215],[-62.32782,-36.67146],[-62.30006,-36.65878],[-62.27132,-36.64333],[-62.26046,-36.6319],[-62.23241,-36.6083],[-62.21577,-36.60644],[-62.18612,-36.58278],[-62.18251,-36.57596],[-62.16371,-36.56299],[-62.14706,-36.55738],[-62.12037,-36.53669],[-62.1048,-36.52809],[-62.09966,-36.52338],[-62.1011,-36.51991],[-62.08123,-36.5016],[-62.06176,-36.47653],[-62.00673,-36.4497],[-61.96202,-36.42518],[-61.92823,-36.39906],[-61.91727,-36.39632],[-61.89373,-36.38212],[-61.8755,-36.37607],[-61.8671,-36.37103]],[[-60.24108,-36.90384],[-60.1732,-36.78614],[-60.13651,-36.7308],[-60.11954,-36.70109],[-60.11933,-36.6976],[-60.09218,-36.65262],[-60.0367,-36.59124],[-60.02962,-36.58051],[-60.00881,-36.53656],[-59.99308,-36.49904],[-59.95951,-36.43389],[-59.90911,-36.39082],[-59.90648,-36.38445],[-59.87781,-36.34694],[-59.8794,-36.34436],[-59.87558,-36.34037],[-59.82904,-36.25238],[-59.78861,-36.16697],[-59.76631,-36.14304],[-59.74992,-36.11814],[-59.69094,-36.00068],[-59.61172,-35.8653],[-59.5934,-35.82934],[-59.59735,-35.822],[-59.5833,-35.78868]],[[-61.35951,-36.05011],[-61.35361,-36.0474],[-61.32034,-36.0104],[-61.3053,-35.9895],[-61.29771,-35.98298],[-61.28055,-35.95791],[-61.24913,-35.93346],[-61.21902,-35.90735],[-61.19302,-35.89737],[-61.18368,-35.88774],[-61.16914,-35.87638],[-61.15831,-35.87075],[-61.15462,-35.86473]]]}},{"type":"Feature","properties":{"id":"gasoducto-centro-oeste","nombre":"Gasoducto Centro Oeste","operador":"TGN","operadores":["TGN"],"km":2240,"tramos":26,"subtipos":{"Troncal":12,"Paralelo":9,"Loop":5}},"geometry":{"type":"MultiLineString","coordinates":[[[-67.9874,-37.84327],[-67.97347,-37.82507],[-67.87841,-37.76558],[-67.80198,-37.70789],[-67.77846,-37.68195],[-67.76979,-37.67659],[-67.75054,-37.66059],[-67.75931,-37.63079],[-67.73056,-37.54657],[-67.72578,-37.54681],[-67.69224,-37.43929],[-67.65843,-37.39604],[-67.6417,-37.38124],[-67.62431,-37.35494],[-67.61354,-37.34529],[-67.61341,-37.34138],[-67.61708,-37.33231],[-67.53539,-37.1006]],[[-65.57016,-33.64915],[-65.5579,-33.64977],[-65.54712,-33.64482],[-65.54401,-33.64073],[-65.51968,-33.63308],[-65.51787,-33.63112],[-65.51055,-33.633],[-65.46973,-33.62809],[-65.41832,-33.62988],[-65.36474,-33.61055],[-65.30195,-33.60525],[-65.27004,-33.59931],[-65.24174,-33.59948],[-65.18543,-33.59154],[-65.1084,-33.5781],[-65.08713,-33.57789],[-65.04913,-33.5725],[-65.03006,-33.56693],[-65.02406,-33.5733],[-64.9351,-33.55041],[-64.88321,-33.54546],[-64.73845,-33.525],[-64.67364,-33.51528],[-64.66154,-33.50975],[-64.59124,-33.50126],[-64.5881,-33.49822],[-64.55976,-33.49563]],[[-64.55971,-33.49563],[-64.5479,-33.49394],[-64.52031,-33.48609],[-64.5094,-33.47896],[-64.47487,-33.4807],[-64.4719,-33.47724],[-64.38731,-33.46016],[-64.19284,-33.42724],[-64.17872,-33.42651],[-64.12541,-33.41498],[-64.03957,-33.40068],[-63.9727,-33.38742],[-63.94607,-33.38517],[-63.8214,-33.35946],[-63.79444,-33.35502],[-63.78942,-33.3565],[-63.78496,-33.35347],[-63.75251,-33.34811],[-63.75117,-33.34674],[-63.72028,-33.34333],[-63.71243,-33.33897],[-63.66295,-33.3335],[-63.56572,-33.32606],[-63.56219,-33.3247]],[[-63.56214,-33.32469],[-63.43341,-33.30042],[-63.38158,-33.2961],[-63.30868,-33.28051],[-63.29097,-33.27447],[-63.27746,-33.27172],[-63.25014,-33.27057],[-63.17851,-33.26212],[-63.16074,-33.25866],[-63.14205,-33.25045],[-63.01472,-33.23575],[-62.99437,-33.23096],[-62.94844,-33.23966]],[[-68.60163,-38.50367],[-68.60057,-38.50407],[-68.6004,-38.49955],[-68.61031,-38.4917],[-68.61292,-38.48589],[-68.60655,-38.47475],[-68.58752,-38.46664],[-68.58756,-38.45948],[-68.57902,-38.452],[-68.57563,-38.44251],[-68.57625,-38.43834],[-68.57106,-38.43352],[-68.56263,-38.37541],[-68.55665,-38.37252],[-68.54542,-38.35905],[-68.52982,-38.33594],[-68.45873,-38.31982],[-68.37454,-38.25087],[-68.36842,-38.18592],[-68.36977,-38.1815],[-68.35935,-38.168],[-68.36119,-38.15577],[-68.05878,-37.93038],[-67.98741,-37.84318]],[[-62.94839,-33.23967],[-62.92464,-33.2435],[-62.81113,-33.21158],[-62.68308,-33.19449],[-62.67614,-33.19578],[-62.67436,-33.19301],[-62.59624,-33.1851],[-62.55176,-33.17589],[-62.44037,-33.16459],[-62.41738,-33.15805],[-62.30524,-33.14153],[-62.25852,-33.12996],[-62.18457,-33.12028],[-62.16338,-33.11469],[-62.05524,-33.09782],[-62.01778,-33.08926],[-61.9636,-33.08238],[-61.94635,-33.07694]],[[-61.07546,-32.86893],[-61.07587,-32.87286],[-61.07983,-32.87397],[-61.08049,-32.87701],[-61.1309,-32.91729],[-61.27625,-32.99811],[-61.30526,-33.00699],[-61.3451,-33.02174],[-61.37388,-33.0274],[-61.39991,-33.03475],[-61.48294,-33.04059],[-61.59205,-33.10117],[-61.60947,-33.10312],[-61.61861,-33.10178],[-61.66604,-33.10205],[-61.70011,-33.09738],[-61.75424,-33.08755],[-61.76901,-33.07556],[-61.85273,-33.05933],[-61.89477,-33.05861],[-61.94631,-33.07689]],[[-66.98315,-33.65423],[-67.02795,-33.62506],[-67.0937,-33.60434],[-67.09417,-33.60189],[-67.22746,-33.56047],[-67.24431,-33.55323],[-67.26021,-33.55016],[-67.39092,-33.50894],[-67.40578,-33.50211],[-67.42755,-33.49736],[-67.48957,-33.47775],[-67.49079,-33.47889],[-67.52204,-33.47869],[-67.54726,-33.48136],[-67.55933,-33.47658],[-67.60356,-33.46767],[-67.6227,-33.45842],[-67.62252,-33.45607],[-67.6274,-33.44898],[-67.67679,-33.43969],[-67.71349,-33.42791],[-67.76163,-33.4046],[-67.85298,-33.37364],[-67.86748,-33.36508],[-67.87337,-33.35929],[-67.87383,-33.35436],[-67.87677,-33.34972],[-67.88212,-33.34624],[-67.8849,-33.34088],[-67.88922,-33.33888],[-67.90153,-33.33764],[-67.93342,-33.33026],[-67.94454,-33.32577],[-67.94985,-33.32741],[-67.95307,-33.3267],[-67.95408,-33.32899]],[[-66.646,-33.79621],[-66.64475,-33.79244],[-66.58581,-33.79682],[-66.57878,-33.8024],[-66.56743,-33.80244],[-66.47961,-33.78987],[-66.43583,-33.78996],[-66.43265,-33.7875],[-66.41273,-33.78428],[-66.33585,-33.79655],[-66.30968,-33.79367],[-66.21859,-33.795],[-66.20573,-33.79662],[-66.17879,-33.77647],[-66.04866,-33.73258],[-65.99147,-33.70506],[-65.9147,-33.69479],[-65.8306,-33.67939],[-65.78446,-33.67431],[-65.74878,-33.67248],[-65.72161,-33.66858],[-65.71241,-33.66504],[-65.66247,-33.65484],[-65.58266,-33.64749],[-65.57021,-33.64915]],[[-66.64595,-33.79642],[-66.6466,-33.79243],[-66.93341,-33.68649],[-66.9833,-33.65403]],[[-67.07312,-36.36645],[-67.05437,-36.13568],[-67.04822,-36.10437],[-67.01626,-36.01276],[-66.96325,-35.69637],[-66.96881,-35.65603],[-66.83967,-35.12546],[-66.79045,-34.98178],[-66.79085,-34.78714],[-66.75218,-34.65255]],[[-67.95503,-33.32837],[-67.89861,-33.34238],[-67.85048,-33.37373],[-67.76024,-33.4046],[-67.71268,-33.42759],[-67.66794,-33.44052],[-67.62767,-33.44841],[-67.62439,-33.45389],[-67.62032,-33.45663],[-67.62054,-33.45883],[-67.61213,-33.46036],[-67.60391,-33.46978],[-67.58416,-33.4776],[-67.57647,-33.47868],[-67.56523,-33.47586],[-67.55339,-33.47832],[-67.52084,-33.46976],[-67.51715,-33.47074],[-67.51587,-33.46928],[-67.42776,-33.49721],[-67.40547,-33.50212],[-67.39101,-33.50882],[-67.26185,-33.54955],[-67.24416,-33.55316],[-67.22739,-33.56042],[-67.0939,-33.60188],[-67.09359,-33.60429],[-67.02803,-33.62476],[-66.93353,-33.68633],[-66.64567,-33.79267],[-66.64636,-33.79624]],[[-66.92809,-35.48654],[-66.8397,-35.12522],[-66.79004,-34.98174],[-66.79074,-34.78726],[-66.75216,-34.65276]],[[-67.53537,-37.10055],[-67.46558,-36.89886],[-67.39226,-36.78368],[-67.38853,-36.78083],[-67.38364,-36.77009],[-67.31299,-36.66014],[-67.30552,-36.64377],[-67.30263,-36.64139],[-67.30322,-36.63869],[-67.28267,-36.59327],[-67.27638,-36.58981],[-67.26964,-36.58978],[-67.25776,-36.59303],[-67.2317,-36.57852],[-67.16021,-36.41818],[-67.13008,-36.40318],[-67.07313,-36.37827],[-67.07201,-36.36636]],[[-65.10149,-33.57787],[-65.08746,-33.5778],[-65.04939,-33.5724],[-65.02973,-33.56657],[-65.02434,-33.57325],[-65.01406,-33.57068]],[[-66.75215,-34.65272],[-66.73548,-34.59121],[-66.72676,-34.58584],[-66.72915,-34.5767],[-66.69977,-34.08647],[-66.64631,-33.99082],[-66.64869,-33.92663],[-66.6469,-33.92274],[-66.65134,-33.90029],[-66.65215,-33.81225],[-66.64796,-33.79691],[-66.64597,-33.79647]],[[-67.0721,-36.36631],[-67.05454,-36.13573],[-67.0484,-36.10436],[-67.0165,-36.01305],[-66.96341,-35.69635],[-66.96899,-35.65618],[-66.92804,-35.48658]],[[-67.5355,-37.10088],[-67.6168,-37.33216],[-67.6155,-37.33636],[-67.61233,-37.33833],[-67.61318,-37.34504],[-67.62372,-37.35468],[-67.6413,-37.38109],[-67.65807,-37.39604],[-67.69203,-37.43946],[-67.7254,-37.54677],[-67.73042,-37.54679],[-67.75942,-37.63076],[-67.75065,-37.66052],[-67.76524,-37.6733],[-67.76423,-37.67715],[-67.77964,-37.68359],[-67.80209,-37.70784],[-67.87868,-37.76566],[-67.97363,-37.82507],[-67.98759,-37.84171],[-67.98748,-37.84336]],[[-68.60613,-38.49324],[-68.61004,-38.49042],[-68.61031,-38.48697],[-68.61231,-38.48559],[-68.60672,-38.47465],[-68.58772,-38.46807],[-68.58756,-38.45929],[-68.5792,-38.45204],[-68.5759,-38.44302],[-68.5762,-38.43809],[-68.57121,-38.43361],[-68.56271,-38.37529],[-68.55609,-38.3717],[-68.54487,-38.35818],[-68.5298,-38.3358],[-68.45891,-38.31978],[-68.37458,-38.25073],[-68.36913,-38.19356],[-68.37032,-38.19094],[-68.36854,-38.18598],[-68.36988,-38.18147],[-68.35949,-38.168],[-68.36129,-38.15571],[-68.0589,-37.93033],[-67.98743,-37.8433]],[[-66.64593,-33.79637],[-66.64691,-33.79549],[-66.6448,-33.79234],[-66.58555,-33.79674],[-66.57855,-33.80221],[-66.56728,-33.80234],[-66.47996,-33.78978],[-66.43566,-33.79014],[-66.43263,-33.78739],[-66.41286,-33.78415],[-66.33577,-33.79648],[-66.31018,-33.7936],[-66.21858,-33.7949],[-66.20559,-33.79648],[-66.17895,-33.77643],[-66.12953,-33.7596]],[[-67.5355,-37.10072],[-67.46571,-36.89888],[-67.39252,-36.78389],[-67.38868,-36.78079],[-67.38678,-36.77482],[-67.31313,-36.66007],[-67.28271,-36.5931],[-67.27598,-36.58926],[-67.26848,-36.58964],[-67.25797,-36.59266],[-67.23182,-36.57849],[-67.16028,-36.41812],[-67.13922,-36.40684],[-67.0829,-36.38254],[-67.07366,-36.37725],[-67.07313,-36.36651]],[[-67.0724,-36.36597],[-67.05422,-36.13572],[-67.04807,-36.10439],[-67.01618,-36.01315],[-66.96314,-35.69644],[-66.9687,-35.65612],[-66.95862,-35.61489]],[[-67.98737,-37.84314],[-67.97337,-37.82514],[-67.87854,-37.7658],[-67.80243,-37.70838],[-67.77846,-37.68217],[-67.76911,-37.67845],[-67.76301,-37.67083],[-67.75037,-37.66059],[-67.75915,-37.63079],[-67.73052,-37.54678],[-67.72541,-37.54644],[-67.69217,-37.43948],[-67.65808,-37.39588],[-67.64164,-37.3814],[-67.62352,-37.35409],[-67.61374,-37.34529],[-67.61357,-37.34158],[-67.61712,-37.33211],[-67.53552,-37.10076]],[[-68.10006,-37.96096],[-68.05884,-37.93016],[-67.98751,-37.8434]],[[-67.53549,-37.10083],[-67.48616,-36.9585]],[[-66.75218,-34.6525],[-66.73534,-34.59113],[-66.72657,-34.58602],[-66.72906,-34.57678],[-66.69963,-34.08642],[-66.6464,-33.99085],[-66.64879,-33.9266],[-66.6475,-33.92212],[-66.64879,-33.90862],[-66.65143,-33.90035],[-66.65225,-33.81232],[-66.64789,-33.79719],[-66.64597,-33.79628]]]}},{"type":"Feature","properties":{"id":"gnea","nombre":"GNEA","operador":"sin operador declarado","operadores":["sin operador declarado"],"km":834,"tramos":8,"subtipos":{"Sin determinar":8}},"geometry":{"type":"MultiLineString","coordinates":[[[-58.89213,-27.44093],[-58.89824,-27.43711],[-58.90978,-27.43328],[-58.91865,-27.43101],[-58.92476,-27.4318],[-58.92629,-27.42812],[-58.94716,-27.40966],[-58.95621,-27.40763],[-58.95881,-27.40563],[-58.95942,-27.39817],[-58.96798,-27.39048],[-58.96604,-27.38015],[-58.97855,-27.36853],[-58.97507,-27.36524],[-58.97714,-27.35856],[-58.9762,-27.35291],[-58.97377,-27.3507]],[[-58.84964,-27.34147],[-58.93162,-27.34573],[-58.94393,-27.34765],[-58.94967,-27.35094],[-58.95431,-27.35136],[-58.97236,-27.34942],[-58.98142,-27.34426],[-58.98833,-27.34414],[-58.9968,-27.33874],[-59.00514,-27.33892],[-59.01308,-27.33704],[-59.02465,-27.33061],[-59.04583,-27.32528],[-59.09023,-27.30697],[-59.10182,-27.29111],[-59.10615,-27.28779]],[[-60.78313,-31.34873],[-60.78423,-31.27213],[-60.70454,-31.05334],[-60.63774,-30.94168],[-60.42145,-30.37178],[-60.37857,-30.26426],[-60.22214,-29.49192],[-60.19773,-29.47729],[-60.19651,-29.47496],[-60.16138,-29.45492],[-60.11434,-29.43581],[-60.09163,-29.41686],[-60.08527,-29.40953],[-60.08199,-29.40928],[-60.07332,-29.40157],[-60.04813,-29.39611],[-59.96784,-29.36681],[-59.88899,-29.32005],[-59.84271,-29.28586],[-59.789,-29.28259],[-59.77248,-29.2787],[-59.7528,-29.27063],[-59.74147,-29.2616],[-59.72301,-29.23905],[-59.72392,-29.2329],[-59.73059,-29.22147],[-59.72852,-29.18751],[-59.72064,-29.13944],[-59.71665,-29.13796],[-59.71187,-29.13318],[-59.71002,-29.11135],[-59.69959,-29.10114],[-59.68342,-29.0928],[-59.68251,-29.09355],[-59.66726,-29.08451],[-59.6532,-29.08235],[-59.6248,-29.06258],[-59.62173,-29.05898],[-59.61766,-29.05885],[-59.6112,-29.05351],[-59.61043,-29.05048],[-59.5939,-29.03699],[-59.59214,-29.02296],[-59.57414,-29.00117],[-59.57198,-28.98228],[-59.56866,-28.97735],[-59.56509,-28.96661],[-59.55744,-28.95589],[-59.54754,-28.94632],[-59.54358,-28.93539],[-59.54007,-28.90647],[-59.54378,-28.89795],[-59.54148,-28.88275],[-59.5179,-28.86396],[-59.50814,-28.85915],[-59.49248,-28.85845],[-59.47936,-28.84482],[-59.47423,-28.82597],[-59.4552,-28.78032],[-59.44784,-28.7317],[-59.42241,-28.70921],[-59.41503,-28.67349],[-59.4128,-28.67166],[-59.39994,-28.64001],[-59.39878,-28.62654],[-59.39264,-28.61222],[-59.38839,-28.60887],[-59.38641,-28.59638],[-59.37063,-28.58178],[-59.3623,-28.57661],[-59.33708,-28.54724],[-59.33676,-28.49871],[-59.32952,-28.48891],[-59.32936,-28.45752],[-59.33008,-28.45373],[-59.33154,-28.45304],[-59.31254,-28.42763],[-59.30961,-28.41754],[-59.30057,-28.40935],[-59.29527,-28.39574],[-59.29548,-28.37138],[-59.28377,-28.36477],[-59.28316,-28.33619],[-59.27465,-28.29899],[-59.27497,-28.25829],[-59.27182,-28.22749],[-59.27269,-28.19756],[-59.27061,-28.19039],[-59.26962,-28.16315],[-59.2728,-28.15786],[-59.27233,-28.1532],[-59.2635,-28.14003],[-59.26228,-28.08433],[-59.25253,-28.05691],[-59.26433,-28.0437],[-59.2625,-28.03225],[-59.24666,-28.02754],[-59.24551,-28.02123],[-59.25041,-28.00456],[-59.24897,-27.99549],[-59.25574,-27.98644],[-59.27573,-27.91832],[-59.28029,-27.91044],[-59.30153,-27.89016],[-59.30687,-27.87723],[-59.31996,-27.85654],[-59.28928,-27.77403],[-59.26271,-27.71375],[-59.25278,-27.67191],[-59.22089,-27.57346],[-59.14101,-27.34027],[-59.13089,-27.3176],[-59.11611,-27.29699],[-59.07086,-27.25359],[-58.98452,-27.12923],[-58.97513,-27.12044],[-58.96568,-27.09993],[-58.96514,-27.0952],[-58.96002,-27.09198],[-58.9598,-27.08496],[-58.95047,-27.07835],[-58.86567,-26.97807],[-58.85413,-26.95854],[-58.8455,-26.9561],[-58.82498,-26.94088],[-58.79549,-26.91194],[-58.7849,-26.88805],[-58.77521,-26.87607],[-58.77412,-26.87241],[-58.76488,-26.86281],[-58.76174,-26.85611],[-58.75882,-26.85331],[-58.75016,-26.85016],[-58.72193,-26.82396],[-58.71766,-26.81543],[-58.71805,-26.78589],[-58.72525,-26.77561],[-58.72263,-26.77069],[-58.71566,-26.76797],[-58.71086,-26.75617],[-58.70627,-26.75273],[-58.68832,-26.72883],[-58.67704,-26.70736],[-58.64026,-26.66964],[-58.64452,-26.65936]],[[-60.39688,-26.79756],[-60.38709,-26.80316],[-60.27546,-26.84253],[-60.25856,-26.84194],[-60.2492,-26.84466],[-60.22728,-26.84335],[-60.20802,-26.84999],[-60.18983,-26.85767],[-60.18454,-26.86235],[-60.18315,-26.87397],[-60.13567,-26.89168],[-60.1299,-26.89254],[-60.11702,-26.88851],[-60.0933,-26.89684],[-60.08465,-26.89508],[-60.02372,-26.91646],[-60.01594,-26.92664],[-60.01451,-26.93263],[-60.0058,-26.94687],[-59.89433,-26.98617],[-59.88755,-26.9848],[-59.88146,-26.97782],[-59.86828,-26.97538],[-59.81823,-26.99284],[-59.79859,-27.01773],[-59.7935,-27.02068],[-59.77226,-27.02321],[-59.76783,-27.02989],[-59.65083,-27.07057],[-59.64767,-27.07053],[-59.48121,-27.12966],[-59.46343,-27.13212],[-59.4283,-27.14418],[-59.42026,-27.14901],[-59.41551,-27.14702],[-59.39729,-27.1504],[-59.39298,-27.15299],[-59.38808,-27.15143],[-59.38346,-27.15352],[-59.36961,-27.16788],[-59.32772,-27.1822],[-59.32449,-27.18557],[-59.31584,-27.18675],[-59.31293,-27.18489],[-59.30592,-27.18695],[-59.29782,-27.18511],[-59.28675,-27.19285],[-59.25424,-27.20301],[-59.25168,-27.2023],[-59.23394,-27.21072],[-59.22022,-27.21357],[-59.21099,-27.21756],[-59.20208,-27.21398],[-59.19069,-27.21827],[-59.18327,-27.22227],[-59.18133,-27.22633],[-59.16015,-27.24253],[-59.14001,-27.26211],[-59.13914,-27.27035],[-59.1294,-27.27882],[-59.10708,-27.28702]],[[-60.78245,-31.34871],[-60.76494,-31.62468]],[[-58.89225,-27.44105],[-58.85573,-27.47318],[-58.82769,-27.47915],[-58.81356,-27.47809],[-58.78975,-27.48355],[-58.78294,-27.48308],[-58.78183,-27.47205],[-58.7687,-27.46124]]]}},{"type":"Feature","properties":{"id":"perito-moreno-ex-n-stor-kirchner","nombre":"Perito Moreno (ex Néstor Kirchner)","operador":"TGS","operadores":["TGS","TGS / TGN"],"km":650,"tramos":2,"subtipos":{"Troncal":2}},"geometry":{"type":"MultiLineString","coordinates":[[[-68.55775,-38.42712],[-68.55234,-38.43167],[-68.53498,-38.43214],[-68.48676,-38.42629],[-68.4823,-38.4228],[-68.45868,-38.41697],[-68.45378,-38.41706],[-68.4525,-38.41543],[-68.38735,-38.40022],[-68.31536,-38.35275],[-68.14138,-38.33471],[-67.99433,-38.26627],[-67.98701,-38.23911],[-67.98657,-38.22746],[-67.97948,-38.20526],[-67.9722,-38.20178],[-67.95926,-38.17608],[-67.92638,-38.18208],[-67.92211,-38.18169],[-67.893,-38.16864],[-67.87742,-38.16554],[-67.86828,-38.17117],[-67.84127,-38.17554],[-67.83721,-38.17467],[-67.78845,-38.13424],[-67.79001,-38.12387],[-67.77483,-38.10356],[-67.7504,-38.08876],[-67.66857,-38.06976],[-67.61045,-38.0598],[-67.60851,-38.05744],[-67.59775,-38.05435],[-67.57154,-38.04255],[-67.43969,-37.99734],[-67.16468,-37.88322],[-67.1566,-37.88267],[-67.15588,-37.87782],[-67.14656,-37.87564],[-67.11289,-37.86038],[-67.10716,-37.86039],[-67.09917,-37.85581],[-66.87066,-37.75875],[-66.66231,-37.71685],[-66.65419,-37.71657],[-66.64817,-37.71399],[-66.32828,-37.64879],[-66.32043,-37.64384],[-66.31342,-37.62987],[-66.30977,-37.62691],[-66.29965,-37.62661],[-66.26514,-37.63035],[-66.24938,-37.63375],[-66.21121,-37.63557],[-66.18954,-37.62425],[-65.73677,-37.50436],[-65.73552,-37.5025],[-65.66374,-37.48361],[-65.6585,-37.48392],[-65.65664,-37.48202],[-65.48071,-37.43441],[-65.38599,-37.43678],[-65.33683,-37.42595],[-65.33675,-37.42298],[-65.29243,-37.41397],[-65.23048,-37.35792],[-65.15929,-37.33243],[-64.97918,-37.29462],[-64.90914,-37.27729],[-64.81873,-37.25209],[-64.78368,-37.25238],[-64.78267,-37.2507],[-64.67134,-37.2363],[-64.57045,-37.19864],[-64.47682,-37.16597],[-64.43535,-37.16727],[-64.43,-37.15846],[-64.41929,-37.14602],[-64.415,-37.14551],[-64.36613,-37.12616],[-64.34631,-37.12108],[-64.34618,-37.11893],[-64.31709,-37.10973],[-64.30914,-37.10991],[-64.30356,-37.10494],[-64.29688,-37.10191],[-64.27561,-37.09504],[-64.16663,-37.08347],[-64.16043,-37.08038],[-64.14864,-37.08281],[-64.06031,-37.08202],[-63.89425,-37.07796],[-63.69081,-37.07738],[-63.62038,-37.0749],[-63.51477,-37.06536],[-63.45521,-37.06231],[-63.27034,-37.03683],[-63.22442,-37.02754],[-63.20032,-37.01741],[-63.16671,-37.00768],[-63.11685,-36.98758],[-63.07849,-36.97448],[-63.00886,-36.95991],[-62.97866,-36.95823],[-62.8569,-36.92079],[-62.79138,-36.89479],[-62.74806,-36.88299],[-62.66444,-36.85475],[-62.66235,-36.85262]],[[-59.30938,-34.84421],[-59.32457,-34.82867],[-59.32892,-34.82028],[-59.31711,-34.79256],[-59.29736,-34.69952],[-59.30053,-34.69384],[-59.30879,-34.65367],[-59.31276,-34.53969],[-59.31578,-34.51121],[-59.31965,-34.50546],[-59.31997,-34.49747],[-59.3176,-34.492],[-59.31841,-34.4787],[-59.31444,-34.46049],[-59.30696,-34.44438],[-59.30563,-34.43756],[-59.29227,-34.42635],[-59.28405,-34.41073],[-59.28427,-34.40353],[-59.27784,-34.38474],[-59.27674,-34.37494],[-59.26821,-34.358],[-59.26947,-34.3279],[-59.26642,-34.31801],[-59.2711,-34.29694],[-59.27369,-34.2758],[-59.27579,-34.27117],[-59.27547,-34.26408],[-59.27791,-34.25313],[-59.27808,-34.24384],[-59.27349,-34.21239],[-59.28194,-34.16902],[-59.27962,-34.15618],[-59.27033,-34.15217]]]}},{"type":"Feature","properties":{"id":"gasoducto-atacama-argentina","nombre":"Gasoducto Atacama Argentina","operador":"Atacama","operadores":["Atacama"],"km":529,"tramos":8,"subtipos":{"":4,"Troncal":4}},"geometry":{"type":"MultiLineString","coordinates":[[[-67.06066,-23.2328],[-67.05074,-23.22989],[-67.02675,-23.23596],[-66.97274,-23.21377],[-66.95097,-23.20086],[-66.94664,-23.19649],[-66.94211,-23.19502],[-66.92845,-23.19584],[-66.86539,-23.19247],[-66.85727,-23.19508],[-66.85273,-23.19274],[-66.84276,-23.19288],[-66.83731,-23.19497],[-66.82867,-23.19437],[-66.81728,-23.19725],[-66.79889,-23.20556],[-66.79657,-23.20799],[-66.75625,-23.22445],[-66.73098,-23.22902],[-66.70279,-23.2377],[-66.65303,-23.2646],[-66.64182,-23.26638],[-66.55995,-23.28971],[-66.53961,-23.29314],[-66.53462,-23.29699],[-66.51673,-23.29868],[-66.49647,-23.31067],[-66.47468,-23.3124],[-66.47159,-23.31463],[-66.45256,-23.31709],[-66.44925,-23.31834],[-66.43799,-23.32906],[-66.43193,-23.32623],[-66.42274,-23.32723],[-66.4151,-23.32359],[-66.38908,-23.33428],[-66.3688,-23.33798],[-66.36373,-23.33674],[-66.35639,-23.34101],[-66.32499,-23.34999],[-66.32107,-23.35613],[-66.32589,-23.37573],[-66.32675,-23.38581],[-66.33754,-23.40214],[-66.33649,-23.40835],[-66.33909,-23.4177],[-66.33708,-23.42815],[-66.33987,-23.4326],[-66.33768,-23.43744],[-66.32802,-23.44834],[-66.32683,-23.4566],[-66.31957,-23.46509],[-66.3131,-23.46961],[-66.30339,-23.46887],[-66.29992,-23.47125],[-66.2722,-23.48004],[-66.26887,-23.47999],[-66.25908,-23.47565],[-66.2566,-23.47261],[-66.25075,-23.46226],[-66.24949,-23.45534],[-66.23193,-23.42665],[-66.21067,-23.41636],[-66.19927,-23.41622],[-66.17828,-23.42261],[-66.12581,-23.44285],[-66.11173,-23.45881],[-66.04353,-23.5023],[-66.00887,-23.51548],[-65.99986,-23.51754],[-65.99239,-23.51609],[-65.96562,-23.51822],[-65.95944,-23.51611],[-65.91476,-23.51648],[-65.91302,-23.51541],[-65.8948,-23.51564],[-65.87875,-23.51838],[-65.80254,-23.51662],[-65.76149,-23.51941],[-65.72587,-23.51945],[-65.69337,-23.52236],[-65.6645,-23.52181],[-65.65521,-23.51808],[-65.64136,-23.52766],[-65.62994,-23.53222],[-65.61472,-23.54108],[-65.61339,-23.54661],[-65.60804,-23.55025],[-65.59005,-23.5567],[-65.58749,-23.5629],[-65.5848,-23.5653],[-65.58437,-23.57843],[-65.57903,-23.58326],[-65.58058,-23.58949],[-65.57864,-23.5965],[-65.58017,-23.61074],[-65.58146,-23.61484],[-65.59036,-23.61832],[-65.59677,-23.62602],[-65.59806,-23.63169],[-65.59843,-23.64249],[-65.59684,-23.64779],[-65.59162,-23.6553],[-65.59057,-23.66344],[-65.58485,-23.6657],[-65.58253,-23.66396],[-65.57581,-23.66625],[-65.56802,-23.68306],[-65.56248,-23.6909],[-65.55903,-23.69411],[-65.5411,-23.69823],[-65.53009,-23.70861],[-65.51931,-23.72739],[-65.51148,-23.7322],[-65.50711,-23.7384],[-65.50377,-23.7397],[-65.49653,-23.74672],[-65.48349,-23.74536],[-65.47883,-23.7428],[-65.46873,-23.74354],[-65.46715,-23.74543],[-65.4678,-23.7515],[-65.47435,-23.76272],[-65.47641,-23.76382],[-65.47912,-23.77697],[-65.47621,-23.7796],[-65.47654,-23.78408],[-65.47352,-23.7902],[-65.47457,-23.81805],[-65.46561,-23.83328],[-65.46442,-23.84313],[-65.45994,-23.84989],[-65.46147,-23.85547],[-65.46087,-23.8622],[-65.45678,-23.87794],[-65.45907,-23.89474],[-65.46847,-23.91845],[-65.46856,-23.92184],[-65.46503,-23.92475],[-65.4627,-23.92992],[-65.46395,-23.95228],[-65.45715,-23.96742],[-65.45481,-23.97645],[-65.44916,-23.98147],[-65.4446,-24.00191],[-65.44262,-24.01985],[-65.43966,-24.02507],[-65.43129,-24.03009],[-65.42427,-24.04747],[-65.41899,-24.05574],[-65.40043,-24.07536],[-65.39819,-24.08886],[-65.39922,-24.09655],[-65.39823,-24.11461],[-65.3869,-24.13994],[-65.38779,-24.1436],[-65.38636,-24.1458],[-65.3753,-24.15455],[-65.37076,-24.15385],[-65.3499,-24.16759],[-65.33071,-24.17293],[-65.32309,-24.17659],[-65.31804,-24.17513],[-65.30796,-24.17557],[-65.27556,-24.18836],[-65.25602,-24.20217],[-65.23697,-24.21029],[-65.22362,-24.21294],[-65.20542,-24.22369],[-65.20361,-24.22332],[-65.18121,-24.23748],[-65.1575,-24.2478],[-65.14716,-24.25402],[-65.13544,-24.25718],[-65.12064,-24.26695],[-65.11749,-24.26689],[-65.1117,-24.27245],[-65.11224,-24.27758],[-65.10827,-24.2787],[-65.1004,-24.28956],[-65.09785,-24.29845],[-65.09159,-24.30986],[-65.08089,-24.31891],[-65.07252,-24.32248],[-65.06557,-24.3173],[-65.0599,-24.31532],[-65.05758,-24.31175],[-65.05305,-24.30889],[-65.04696,-24.30818],[-65.01983,-24.29736],[-64.99342,-24.29066],[-64.97914,-24.28503],[-64.96178,-24.27255],[-64.95029,-24.26718],[-64.92679,-24.2443],[-64.91727,-24.23862],[-64.91138,-24.22586],[-64.89485,-24.20892],[-64.89377,-24.20554],[-64.88226,-24.19632],[-64.86134,-24.17531],[-64.84292,-24.0841],[-64.83647,-24.07425],[-64.8049,-24.05984],[-64.794,-24.05634],[-64.78519,-24.05068],[-64.77864,-24.00153],[-64.78192,-23.99614],[-64.77702,-23.98825],[-64.77261,-23.95662],[-64.76457,-23.93147],[-64.76253,-23.88288],[-64.76604,-23.87858],[-64.76635,-23.86896],[-64.75174,-23.83513],[-64.744,-23.81187],[-64.73829,-23.80381],[-64.73815,-23.79991],[-64.72586,-23.78711],[-64.71198,-23.76478],[-64.64478,-23.74614],[-64.63927,-23.74154],[-64.62921,-23.73801],[-64.58991,-23.7166],[-64.55824,-23.69412],[-64.54374,-23.67093],[-64.53257,-23.64926],[-64.5019,-23.60175],[-64.50205,-23.58906],[-64.49457,-23.58291],[-64.49007,-23.58211],[-64.47272,-23.54986],[-64.42293,-23.49298],[-64.26461,-23.34741],[-64.22809,-23.31221],[-64.22526,-23.30567],[-64.2191,-23.30377],[-64.2113,-23.30439],[-64.18234,-23.29488],[-64.17139,-23.28677],[-64.14918,-23.26624],[-64.14234,-23.25836],[-64.13968,-23.24454],[-64.13578,-23.23916],[-64.06311,-23.15015],[-64.04715,-23.14223],[-64.04333,-23.13745],[-64.03904,-23.13735],[-64.03244,-23.13272],[-64.02973,-23.12858],[-64.00575,-23.10608],[-63.92775,-23.04165],[-63.9102,-23.03383],[-63.8966,-23.02444],[-63.8934,-23.02442],[-63.86153,-22.95205],[-63.861,-22.94802],[-63.85739,-22.94257],[-63.82743,-22.87468],[-63.82833,-22.81957],[-63.82222,-22.76159]],[[-65.03856,-24.30493],[-65.03856,-24.30493]],[[-64.86112,-24.17366],[-64.86112,-24.17366]],[[-64.86112,-24.17364],[-64.86112,-24.17364]],[[-65.35946,-24.16157],[-65.35946,-24.16157]],[[-65.35949,-24.16155],[-65.35949,-24.16155]],[[-65.39891,-24.09429],[-65.39891,-24.09429]],[[-65.44399,-24.01415],[-65.44399,-24.01415]],[[-65.46485,-23.90912],[-65.46485,-23.90912]],[[-65.46494,-23.90936],[-65.46494,-23.90936]],[[-65.46484,-23.90909],[-65.46484,-23.90909]],[[-66.65506,-23.26328],[-66.65506,-23.26328]],[[-66.6552,-23.26319],[-66.6552,-23.26319]],[[-66.65594,-23.26271],[-66.65594,-23.26271]],[[-66.79161,-23.21019],[-66.79161,-23.21019]],[[-66.65498,-23.26333],[-66.65498,-23.26333]],[[-65.46475,-23.90884],[-65.46475,-23.90884]],[[-65.46466,-23.90861],[-65.46466,-23.90861]],[[-65.46465,-23.90858],[-65.46465,-23.90858]],[[-65.46466,-23.9086],[-65.46466,-23.9086]],[[-65.46457,-23.90835],[-65.46457,-23.90835]],[[-65.5297,-23.70927],[-65.5297,-23.70927]],[[-65.5554,-23.69483],[-65.5554,-23.69483]],[[-65.5716,-23.67417],[-65.5716,-23.67417]],[[-66.15006,-23.43347],[-66.15006,-23.43347]],[[-66.23026,-23.42574],[-66.23026,-23.42574]],[[-66.19328,-23.41804],[-66.19328,-23.41804]],[[-66.3632,-23.33704],[-66.3632,-23.33704]],[[-66.65467,-23.26354],[-66.65467,-23.26354]],[[-65.46467,-23.90862],[-65.46467,-23.90862]],[[-66.65484,-23.26343],[-66.65484,-23.26343]],[[-64.33475,-23.41274],[-64.33475,-23.41274]],[[-63.87452,-22.98145],[-63.87452,-22.98145]],[[-63.82223,-22.76163],[-63.82223,-22.76163]]]}},{"type":"Feature","properties":{"id":"gasoducto-uruguayana","nombre":"Gasoducto Uruguayana","operador":"TGN","operadores":["TGN"],"km":422,"tramos":4,"subtipos":{"Troncal":4}},"geometry":{"type":"MultiLineString","coordinates":[[[-59.24102,-31.27501],[-59.19557,-31.23625],[-59.15533,-31.20919],[-59.06802,-31.0963],[-59.04291,-31.07687],[-58.9789,-31.05054],[-58.96954,-31.04403],[-58.94101,-31.02963],[-58.82609,-30.97503],[-58.78954,-30.97212],[-58.76434,-30.96128],[-58.76424,-30.95352],[-58.74505,-30.91022],[-58.7127,-30.87456],[-58.70687,-30.8712],[-58.70163,-30.86254],[-58.59016,-30.74213],[-58.58165,-30.70447],[-58.57139,-30.69142],[-58.45868,-30.59709],[-58.45211,-30.58454],[-58.44789,-30.56595],[-58.40721,-30.47668],[-58.38926,-30.44451],[-58.33864,-30.37708],[-58.29065,-30.35304]],[[-57.28166,-29.75688],[-57.2719,-29.77022],[-57.25961,-29.78132],[-57.25435,-29.78407],[-57.25214,-29.78757]],[[-60.57923,-31.89811],[-60.53144,-31.89712],[-60.51935,-31.88984],[-60.47665,-31.87102],[-60.44871,-31.84834],[-60.44853,-31.84607],[-60.43893,-31.83485],[-60.43248,-31.83191],[-60.40896,-31.81324],[-60.39295,-31.79355],[-60.38553,-31.78667],[-60.37974,-31.7855],[-60.3693,-31.78657],[-60.35787,-31.78169],[-60.34483,-31.78505],[-60.34276,-31.77997],[-60.31437,-31.75767],[-60.30361,-31.7474],[-60.26622,-31.74359],[-60.22358,-31.72687],[-60.21897,-31.72312],[-60.14649,-31.70009],[-60.10041,-31.68337],[-60.10032,-31.68007],[-60.07349,-31.67209],[-60.07243,-31.66958],[-60.03139,-31.65679],[-60.03155,-31.65436],[-60.02486,-31.6511],[-59.9446,-31.61617],[-59.8997,-31.59933],[-59.88998,-31.59751],[-59.85033,-31.5769],[-59.73176,-31.54776],[-59.66827,-31.53033],[-59.65716,-31.52313],[-59.63947,-31.51578],[-59.63385,-31.51126],[-59.61497,-31.50141],[-59.60654,-31.50067],[-59.59241,-31.48662],[-59.57373,-31.47535],[-59.55396,-31.46397],[-59.53953,-31.45806],[-59.50794,-31.43724],[-59.45683,-31.40735],[-59.41611,-31.38753],[-59.3641,-31.35332],[-59.25869,-31.28921],[-59.24113,-31.27509]],[[-58.29058,-30.353],[-58.28464,-30.34787],[-58.28807,-30.3257],[-58.26173,-30.30085],[-58.25942,-30.29419],[-58.17457,-30.21538],[-58.15291,-30.1918],[-58.07213,-30.12267],[-57.98569,-30.07425],[-57.9114,-30.06039],[-57.85607,-30.06701],[-57.82634,-30.06221],[-57.81385,-30.06384],[-57.80975,-30.06287],[-57.75359,-30.03384],[-57.72433,-30.01064],[-57.71766,-30.00141],[-57.70467,-29.99031],[-57.7019,-29.99033],[-57.69776,-29.98482],[-57.68492,-29.97415],[-57.67502,-29.9689],[-57.6716,-29.96302],[-57.61254,-29.91381],[-57.60938,-29.91444],[-57.601,-29.91236],[-57.59823,-29.90157],[-57.59099,-29.8957],[-57.55256,-29.88712],[-57.53754,-29.8863],[-57.5276,-29.88103],[-57.52686,-29.87885],[-57.51437,-29.87216],[-57.4978,-29.85889],[-57.48242,-29.8429],[-57.44813,-29.82566],[-57.4397,-29.81566],[-57.40936,-29.79466],[-57.40811,-29.79515],[-57.40272,-29.78944],[-57.36065,-29.76798],[-57.33981,-29.76518],[-57.31473,-29.75933],[-57.30362,-29.75918],[-57.28246,-29.75575],[-57.2817,-29.75679]]]}},{"type":"Feature","properties":{"id":"cordillerano","nombre":"Cordillerano","operador":"TGS","operadores":["TGS"],"km":383,"tramos":9,"subtipos":{"Loop":7,"Troncal":2}},"geometry":{"type":"MultiLineString","coordinates":[[[-69.21055,-38.98591],[-69.23192,-39.02544],[-69.23438,-39.034],[-69.23428,-39.04145],[-69.22942,-39.052],[-69.22884,-39.05988],[-69.22456,-39.0669],[-69.27434,-39.1382],[-69.28916,-39.18327],[-69.29727,-39.19599],[-69.33262,-39.24078],[-69.35195,-39.27303],[-69.37682,-39.29851],[-69.37744,-39.32441],[-69.38165,-39.33453]],[[-70.63777,-40.43836],[-70.63064,-40.43118],[-70.62167,-40.42625],[-70.61899,-40.42136],[-70.58094,-40.41236],[-70.5765,-40.40866],[-70.55883,-40.40703],[-70.55518,-40.40361],[-70.55112,-40.40241],[-70.53817,-40.40121],[-70.51626,-40.40317],[-70.50041,-40.40259],[-70.48063,-40.39364],[-70.47606,-40.38893],[-70.46743,-40.37244],[-70.45269,-40.36516],[-70.45046,-40.36272],[-70.44294,-40.35028],[-70.44004,-40.33647],[-70.43547,-40.33026],[-70.42342,-40.32629],[-70.40681,-40.31779],[-70.39294,-40.29034],[-70.38237,-40.28036],[-70.38007,-40.27337],[-70.35072,-40.24855],[-70.32528,-40.23669],[-70.31281,-40.22609],[-70.30682,-40.21338],[-70.30318,-40.21014],[-70.30033,-40.20208],[-70.27845,-40.18722],[-70.2754,-40.16187],[-70.26614,-40.15467],[-70.24488,-40.14242],[-70.22859,-40.13652],[-70.21988,-40.13132],[-70.20893,-40.12151],[-70.1997,-40.11791],[-70.19817,-40.11461],[-70.19896,-40.11126],[-70.17282,-40.0848],[-70.15015,-40.08061],[-70.12475,-40.07284],[-70.10491,-40.06289],[-70.09894,-40.05442],[-70.06464,-40.03317],[-70.05119,-40.01203],[-70.05128,-40.00626],[-70.04886,-40.00272],[-70.05036,-39.9996],[-70.0545,-39.9967],[-70.05364,-39.99272],[-70.04453,-39.98096],[-70.03068,-39.967],[-70.0302,-39.92149],[-69.91137,-39.84702],[-69.73847,-39.71845],[-69.73516,-39.71629],[-69.69411,-39.73103],[-69.61083,-39.73485],[-69.49624,-39.69499],[-69.34379,-39.55301],[-69.3418,-39.54976],[-69.35155,-39.54194],[-69.37127,-39.53366],[-69.37249,-39.52976],[-69.37165,-39.47326],[-69.3771,-39.46613],[-69.38199,-39.45558],[-69.39516,-39.44483],[-69.39569,-39.43285],[-69.41789,-39.39701],[-69.40717,-39.38001],[-69.40306,-39.36943],[-69.38564,-39.34469],[-69.37761,-39.32439],[-69.37699,-39.29846],[-69.3521,-39.27297],[-69.33277,-39.24071],[-69.29742,-39.19593],[-69.28932,-39.18322],[-69.27417,-39.13832],[-69.22432,-39.06691],[-69.22867,-39.05977],[-69.22922,-39.05196],[-69.23408,-39.04143],[-69.23418,-39.034],[-69.23174,-39.02553],[-69.19817,-38.96281],[-69.17844,-38.95029],[-69.17285,-38.93048],[-69.16611,-38.92222],[-69.16944,-38.91383],[-69.17437,-38.91293]],[[-70.14499,-40.07945],[-70.17273,-40.08492],[-70.19877,-40.11129],[-70.19799,-40.11462],[-70.19958,-40.11801],[-70.20882,-40.12162],[-70.21976,-40.13142],[-70.22849,-40.13663],[-70.24479,-40.14254],[-70.26602,-40.15477],[-70.27523,-40.16193],[-70.27828,-40.18727],[-70.30018,-40.20215],[-70.30303,-40.21021],[-70.30665,-40.21344],[-70.31266,-40.22616],[-70.32518,-40.2368],[-70.35059,-40.24865],[-70.38106,-40.27554]],[[-70.46112,-40.3691],[-70.46997,-40.37482],[-70.47623,-40.38883],[-70.48074,-40.39347],[-70.50047,-40.40239],[-70.51626,-40.40297],[-70.53819,-40.40101],[-70.55118,-40.40222],[-70.55528,-40.40344],[-70.5589,-40.40684],[-70.57653,-40.40847],[-70.58103,-40.41217],[-70.61909,-40.42119],[-70.62185,-40.42612],[-70.63074,-40.431],[-70.63791,-40.43822]],[[-69.5882,-39.72659],[-69.61078,-39.73497],[-69.67686,-39.73252],[-69.69417,-39.73114],[-69.73513,-39.71644],[-69.91121,-39.84716],[-70.03003,-39.92156],[-70.03085,-39.94505]]]}},{"type":"Feature","properties":{"id":"norandino","nombre":"Norandino","operador":"Nor Andino","operadores":["Nor Andino"],"km":375,"tramos":4,"subtipos":{"Troncal":4}},"geometry":{"type":"MultiLineString","coordinates":[[[-67.06211,-23.22774],[-67.04667,-23.23069],[-67.02554,-23.22503],[-66.98199,-23.20649],[-66.94957,-23.18276],[-66.91054,-23.13296],[-66.89374,-23.12634],[-66.87571,-23.12821],[-66.87157,-23.1269],[-66.85537,-23.12812],[-66.84048,-23.12138],[-66.83961,-23.11681],[-66.82805,-23.11323],[-66.8238,-23.1007],[-66.82414,-23.09227],[-66.82123,-23.08752],[-66.81017,-23.08795],[-66.78941,-23.07998],[-66.76331,-23.08606],[-66.7549,-23.09147],[-66.75351,-23.09415],[-66.74551,-23.09543],[-66.72687,-23.10564],[-66.69833,-23.11626],[-66.69652,-23.11845],[-66.69076,-23.12054],[-66.68079,-23.13108],[-66.67769,-23.13184],[-66.66068,-23.12899],[-66.65838,-23.12621],[-66.54812,-23.09251],[-66.50534,-23.09077],[-66.49933,-23.08373],[-66.48324,-23.08398],[-66.47751,-23.06954],[-66.47503,-23.05266],[-66.46486,-23.04023],[-66.45798,-23.04315],[-66.45436,-23.04728],[-66.44975,-23.04644],[-66.421,-23.03788],[-66.3909,-23.02597],[-66.37907,-23.02666],[-66.36792,-23.01946],[-66.36589,-23.02006],[-66.36288,-23.01751],[-66.35939,-23.00548],[-66.3534,-23.0007],[-66.3537,-22.98401],[-66.35159,-22.98121],[-66.34332,-22.97566],[-66.32874,-22.97393],[-66.31805,-22.96879],[-66.31063,-22.96885],[-66.29968,-22.96255],[-66.2872,-22.95947],[-66.28533,-22.95514],[-66.27186,-22.94234],[-66.27014,-22.93402],[-66.23234,-22.89766],[-66.21821,-22.886],[-66.21205,-22.87792],[-66.20564,-22.8744],[-66.20463,-22.87085],[-66.20033,-22.86671],[-66.19365,-22.86551],[-66.18663,-22.85829],[-66.17566,-22.8589],[-66.17004,-22.85419],[-66.16065,-22.8514],[-66.14253,-22.84143],[-66.13585,-22.84069],[-66.10658,-22.83142],[-66.09308,-22.83683],[-66.08474,-22.83676],[-66.08173,-22.84012],[-66.06641,-22.83963],[-66.04674,-22.8344],[-66.0378,-22.83532],[-66.00659,-22.83118],[-65.98285,-22.82427],[-65.97441,-22.82915],[-65.97268,-22.82836],[-65.93427,-22.8393],[-65.91396,-22.84339],[-65.91194,-22.84701],[-65.89853,-22.83973],[-65.87996,-22.84042],[-65.68018,-22.88165],[-65.62281,-22.90741],[-65.61108,-22.91107],[-65.60158,-22.92383],[-65.59753,-22.92667],[-65.58843,-22.92491],[-65.56695,-22.93045],[-65.5257,-22.95216],[-65.49704,-22.96848],[-65.47632,-22.98492],[-65.4735,-22.994],[-65.45758,-23.00001],[-65.45306,-23.01762],[-65.44174,-23.0308],[-65.42977,-23.03993],[-65.42765,-23.04388],[-65.41282,-23.05701],[-65.39552,-23.06647],[-65.39517,-23.06865],[-65.38707,-23.07568],[-65.38432,-23.07512],[-65.3794,-23.08384],[-65.37235,-23.10801],[-65.36686,-23.11096],[-65.36574,-23.11417],[-65.35678,-23.1195],[-65.34561,-23.12211],[-65.31469,-23.11385],[-65.30411,-23.12304],[-65.3017,-23.14834],[-65.30511,-23.16524],[-65.29967,-23.16913],[-65.30071,-23.1736],[-65.2954,-23.17842],[-65.29561,-23.18031],[-65.28264,-23.18904],[-65.27278,-23.19915],[-65.25737,-23.20431],[-65.25743,-23.2063],[-65.2499,-23.20824],[-65.24016,-23.20342],[-65.23548,-23.20278],[-65.22634,-23.19668],[-65.20344,-23.18611],[-65.19819,-23.18425],[-65.17946,-23.18244],[-65.17109,-23.17423],[-65.16445,-23.17585],[-65.16002,-23.17281],[-65.16022,-23.17108],[-65.15501,-23.16549],[-65.14828,-23.16171],[-65.14104,-23.16332],[-65.13724,-23.15473],[-65.1296,-23.1498],[-65.12255,-23.1502],[-65.10821,-23.15551],[-65.10004,-23.15423],[-65.07464,-23.16235],[-65.06254,-23.15415],[-65.05408,-23.15589],[-65.05186,-23.15859],[-65.0532,-23.16897],[-65.04582,-23.1682],[-65.03976,-23.17235],[-65.03342,-23.17453],[-65.03207,-23.17325],[-65.02627,-23.1774],[-65.01984,-23.17355],[-65.02061,-23.16685],[-65.01557,-23.16044],[-65.01072,-23.15711],[-64.99771,-23.15647],[-64.99561,-23.15423],[-64.98875,-23.15473],[-64.98462,-23.15133],[-64.98247,-23.15385],[-64.97973,-23.15373],[-64.97218,-23.14461],[-64.96679,-23.14378],[-64.96177,-23.14523],[-64.95572,-23.14271],[-64.95275,-23.1431],[-64.94429,-23.13291],[-64.93652,-23.12679],[-64.92834,-23.12299],[-64.9252,-23.1234],[-64.91938,-23.11786],[-64.91282,-23.11707]],[[-64.34117,-23.41122],[-64.33854,-23.40903],[-64.33941,-23.39969],[-64.3472,-23.3946],[-64.35149,-23.38973],[-64.34945,-23.38365],[-64.36031,-23.37624],[-64.35364,-23.34218],[-64.34492,-23.33886],[-64.34861,-23.29905],[-64.35211,-23.28299],[-64.34858,-23.2734],[-64.35987,-23.27016],[-64.39114,-23.23264],[-64.39206,-23.23133],[-64.39071,-23.22937],[-64.42563,-23.18947]],[[-64.4256,-23.18945],[-64.45911,-23.15124],[-64.46089,-23.15103],[-64.4645,-23.14278],[-64.46918,-23.13967],[-64.47062,-23.14018],[-64.47118,-23.13833],[-64.47641,-23.13799],[-64.47424,-23.12974],[-64.47745,-23.124],[-64.48336,-23.11892],[-64.50733,-23.11491],[-64.51214,-23.10919],[-64.52018,-23.10804],[-64.53015,-23.1005],[-64.54874,-23.10419],[-64.56109,-23.11065],[-64.56784,-23.11084],[-64.57524,-23.11485],[-64.58258,-23.1137],[-64.58752,-23.10788],[-64.59896,-23.10243],[-64.60946,-23.10178],[-64.61867,-23.09867],[-64.62776,-23.10149],[-64.63423,-23.09782],[-64.65129,-23.09222],[-64.65804,-23.09939],[-64.66549,-23.11127],[-64.67859,-23.11073],[-64.68068,-23.11187],[-64.68662,-23.11061],[-64.69315,-23.11281],[-64.70396,-23.11002],[-64.71078,-23.11187],[-64.73221,-23.09482],[-64.73574,-23.09458],[-64.73949,-23.0956],[-64.74352,-23.10052],[-64.74748,-23.0979],[-64.75902,-23.09988],[-64.76354,-23.09891],[-64.76808,-23.10027],[-64.7714,-23.10367],[-64.77809,-23.10565],[-64.77916,-23.10408]],[[-64.86755,-23.10572],[-64.86419,-23.09534],[-64.85963,-23.09397],[-64.85929,-23.08859],[-64.86117,-23.08338],[-64.86009,-23.08133],[-64.84603,-23.07607],[-64.84351,-23.07649],[-64.83457,-23.0721],[-64.82823,-23.07624],[-64.82275,-23.07708],[-64.81372,-23.08158],[-64.79668,-23.083],[-64.78899,-23.0943],[-64.78684,-23.09511],[-64.78706,-23.09684],[-64.78489,-23.09875],[-64.786,-23.10118],[-64.78373,-23.10365],[-64.78058,-23.10238],[-64.77912,-23.1041]],[[-64.91271,-23.11698],[-64.90795,-23.11508],[-64.90587,-23.11011],[-64.90361,-23.11357],[-64.89778,-23.11617],[-64.892,-23.11568],[-64.89043,-23.11732],[-64.87852,-23.11526],[-64.87616,-23.11705],[-64.87435,-23.11651],[-64.8749,-23.11352],[-64.87355,-23.1114],[-64.86755,-23.10573]]]}},{"type":"Feature","properties":{"id":"san-jer-nimo-santa-fe","nombre":"San Jerónimo – Santa Fe","operador":"TGN","operadores":["TGN"],"km":359,"tramos":5,"subtipos":{"Troncal":3,"Paralelo":1,"Loop":1}},"geometry":{"type":"MultiLineString","coordinates":[[[-61.07291,-32.8655],[-61.06712,-32.86706],[-61.06024,-32.85984],[-60.88377,-32.73275],[-60.86032,-32.714],[-60.85619,-32.70989],[-60.84861,-32.68293],[-60.85084,-32.66519],[-60.85729,-32.65713],[-60.85835,-32.65125],[-60.8612,-32.64748],[-60.86434,-32.62503],[-60.86999,-32.61614],[-60.8758,-32.58379],[-60.87992,-32.57917],[-60.8839,-32.56288],[-60.88987,-32.52446],[-60.89671,-32.51464],[-60.89771,-32.50316],[-60.91766,-32.4651],[-60.9176,-32.46163],[-60.9206,-32.45829],[-60.91997,-32.45548],[-60.92897,-32.42483],[-60.93408,-32.41154],[-60.93703,-32.4084],[-60.94822,-32.37624],[-60.96417,-32.34901],[-60.96372,-32.34427],[-60.96936,-32.32504],[-60.972,-32.32242],[-60.9722,-32.31453]],[[-60.8015,-31.66914],[-60.7856,-31.64062],[-60.77596,-31.63066],[-60.76307,-31.62351]],[[-61.07257,-32.86498],[-61.06757,-32.86784],[-61.06018,-32.85986],[-60.88394,-32.73298],[-60.85683,-32.71092]],[[-60.57935,-31.89812],[-60.63265,-31.89807],[-60.63947,-31.89369],[-60.64526,-31.88602],[-60.69524,-31.88012],[-60.70622,-31.88186],[-60.72057,-31.88873],[-60.72789,-31.89],[-60.74412,-31.88898],[-60.88011,-31.89506],[-60.90366,-31.88953],[-60.91385,-31.90992],[-60.93132,-31.93594],[-60.96348,-31.9714],[-60.98294,-31.98989],[-60.98925,-32.00037],[-60.99264,-32.02854],[-60.98993,-32.05803],[-60.99803,-32.09453],[-60.99479,-32.11462],[-60.99581,-32.11759],[-60.99446,-32.11887],[-60.99574,-32.13411],[-60.99761,-32.13763],[-60.99626,-32.13922],[-60.99792,-32.16276],[-60.99528,-32.20338],[-60.99778,-32.23927],[-60.99599,-32.24178],[-60.99156,-32.2674],[-60.98897,-32.27085],[-60.97939,-32.29398],[-60.98003,-32.29612],[-60.97658,-32.30045],[-60.9736,-32.30891],[-60.971,-32.31836],[-60.97179,-32.32242],[-60.96923,-32.32469],[-60.96296,-32.34593],[-60.96396,-32.34891],[-60.94831,-32.37583],[-60.92883,-32.4249],[-60.91984,-32.45559],[-60.92047,-32.45838],[-60.91748,-32.46163],[-60.91749,-32.46509],[-60.89592,-32.5068],[-60.89462,-32.51022],[-60.8966,-32.51463],[-60.88975,-32.52451],[-60.88354,-32.5641],[-60.88028,-32.57384],[-60.87612,-32.58023],[-60.87479,-32.59246],[-60.8686,-32.61794],[-60.86416,-32.62514],[-60.86111,-32.64735],[-60.85818,-32.65132],[-60.85677,-32.6579],[-60.85084,-32.66581],[-60.84842,-32.68318],[-60.85726,-32.71081]],[[-60.85682,-32.71078],[-60.84818,-32.68364],[-60.85172,-32.66129],[-60.86103,-32.64737],[-60.864,-32.62515],[-60.86802,-32.61862],[-60.87453,-32.59299],[-60.8761,-32.57924],[-60.88345,-32.56227],[-60.88968,-32.52324],[-60.89741,-32.50275],[-60.9152,-32.46872],[-60.9297,-32.42084],[-60.93898,-32.401],[-60.94837,-32.37515],[-60.96088,-32.35123],[-60.97461,-32.3044],[-60.99408,-32.25503],[-60.99748,-32.23199],[-60.99476,-32.20149],[-60.99686,-32.16872],[-60.99403,-32.11922],[-60.99752,-32.0944],[-60.98959,-32.05884],[-60.99222,-32.02833],[-60.98829,-31.99888],[-60.98324,-31.9908],[-60.96493,-31.97348],[-60.93388,-31.93975],[-60.91167,-31.90693],[-60.90086,-31.88383],[-60.88552,-31.84072],[-60.87873,-31.80827],[-60.85319,-31.77825],[-60.83405,-31.75096],[-60.83094,-31.74254],[-60.83066,-31.72093],[-60.82624,-31.70782],[-60.81573,-31.6882],[-60.81085,-31.68354],[-60.80174,-31.66918]]]}},{"type":"Feature","properties":{"id":"gasoducto-gasandes-argentina-s-a","nombre":"Gasoducto GasAndes Argentina S.A.","operador":"GasAndes","operadores":["GasAndes"],"km":313,"tramos":3,"subtipos":{"Troncal":3}},"geometry":{"type":"MultiLineString","coordinates":[[[-66.82836,-35.10316],[-66.84068,-35.09923],[-67.30972,-34.80134],[-67.55732,-34.64254],[-67.55771,-34.64092],[-67.71015,-34.54334],[-67.7117,-34.54042],[-67.7219,-34.53574],[-67.86723,-34.44813],[-67.87398,-34.4481]],[[-69.8053,-34.22267],[-69.77355,-34.22458],[-69.76254,-34.22176],[-69.74945,-34.22098],[-69.72647,-34.21141],[-69.70958,-34.20761],[-69.70393,-34.20864],[-69.66597,-34.18291],[-69.65543,-34.17859],[-69.64646,-34.17739],[-69.62872,-34.18982],[-69.61769,-34.19308],[-69.59776,-34.1944],[-69.58554,-34.19692],[-69.57702,-34.19387],[-69.5627,-34.19612],[-69.56041,-34.19708],[-69.55991,-34.20151],[-69.5581,-34.20298],[-69.55188,-34.19822],[-69.53603,-34.20127],[-69.5271,-34.20058],[-69.52547,-34.20527],[-69.51473,-34.21244],[-69.51691,-34.22003],[-69.51574,-34.2265],[-69.5061,-34.24224],[-69.49949,-34.24834],[-69.48973,-34.2507],[-69.46095,-34.24478],[-69.44471,-34.23927],[-69.43783,-34.23537],[-69.42278,-34.24563],[-69.4076,-34.24542],[-69.3987,-34.25059],[-69.39071,-34.25311],[-69.37363,-34.25369],[-69.36684,-34.25587],[-69.36221,-34.25495],[-69.35186,-34.25821],[-69.3458,-34.25691],[-69.33045,-34.25761],[-69.29884,-34.26244],[-69.29672,-34.26116],[-69.19388,-34.26315],[-69.1418,-34.2604],[-69.12347,-34.252],[-69.1155,-34.25539],[-69.08415,-34.25354],[-69.03992,-34.2534],[-69.0016,-34.25525],[-68.94864,-34.24577],[-68.94633,-34.24408],[-68.94346,-34.24483],[-68.90998,-34.23512],[-68.90748,-34.23312],[-68.89455,-34.23373],[-68.85417,-34.22908],[-68.82749,-34.23152],[-68.77748,-34.25248],[-68.76337,-34.25604],[-68.74435,-34.27362],[-68.742,-34.27358],[-68.73756,-34.28168],[-68.71262,-34.28354],[-68.70309,-34.29096],[-68.62167,-34.29637],[-68.61961,-34.29527],[-68.56898,-34.30968],[-68.54051,-34.31212],[-67.89466,-34.44232],[-67.87399,-34.4481]]]}},{"type":"Feature","properties":{"id":"gas-pac-fico","nombre":"Gas Pacífico","operador":"Gas del Pacífico","operadores":["Gas del Pacífico"],"km":297,"tramos":3,"subtipos":{"Troncal":3}},"geometry":{"type":"MultiLineString","coordinates":[[[-68.61018,-38.48715],[-68.61253,-38.4854],[-68.60189,-38.46342],[-68.59373,-38.45501],[-68.59322,-38.41273],[-68.61966,-38.38672],[-68.64117,-38.37497],[-68.66771,-38.36335],[-68.66878,-38.36157],[-68.71617,-38.34193],[-68.86493,-38.25832],[-68.95207,-38.202],[-68.97574,-38.18361],[-68.98571,-38.17857],[-69.03835,-38.14255],[-69.04736,-38.11761],[-69.04727,-38.11318],[-69.05992,-38.09913],[-69.06025,-38.08474],[-69.07514,-38.04263],[-69.07941,-38.03916],[-69.09821,-38.00989],[-69.10438,-38.0053],[-69.11278,-38.00368],[-69.11504,-38.00028],[-69.12705,-37.99459],[-69.13388,-37.98923],[-69.21349,-37.94479],[-69.25622,-37.92666],[-69.26611,-37.91901],[-69.29447,-37.88868],[-69.31558,-37.87606],[-69.33052,-37.87346],[-69.33527,-37.87085],[-69.34037,-37.86705],[-69.34215,-37.86147],[-69.37486,-37.84433],[-69.37983,-37.83849],[-69.38295,-37.82221],[-69.41854,-37.75161],[-69.44076,-37.69981],[-69.4464,-37.69338],[-69.45932,-37.6855],[-69.47771,-37.66893],[-69.49566,-37.66159],[-69.53207,-37.64714],[-69.57471,-37.64119]],[[-70.48422,-37.25411],[-70.49797,-37.25313],[-70.50986,-37.2592],[-70.51555,-37.25956],[-70.53248,-37.26602],[-70.55194,-37.26958],[-70.56278,-37.27341],[-70.56823,-37.27162],[-70.57514,-37.27445],[-70.58471,-37.27253],[-70.59277,-37.27289],[-70.62436,-37.25813],[-70.65813,-37.25527],[-70.66284,-37.25239],[-70.66462,-37.24694],[-70.66848,-37.24581],[-70.67058,-37.24213],[-70.68206,-37.23965],[-70.68897,-37.23181],[-70.69411,-37.22943],[-70.72594,-37.23644],[-70.7459,-37.23645],[-70.75806,-37.23823],[-70.78046,-37.23486],[-70.82657,-37.22382],[-70.83407,-37.22034],[-70.8483,-37.22566],[-70.87659,-37.22418],[-70.88183,-37.22193],[-70.88715,-37.22207],[-70.89463,-37.2251],[-70.90472,-37.22411],[-70.91066,-37.21937],[-70.91419,-37.21326],[-70.92207,-37.21169],[-70.93184,-37.20405],[-70.93785,-37.20373],[-70.9471,-37.19844],[-70.95568,-37.19786],[-70.96372,-37.19257],[-70.97056,-37.19105],[-70.9933,-37.19273],[-71.00223,-37.19578],[-71.0069,-37.20019],[-71.02793,-37.20401],[-71.05162,-37.2154],[-71.06113,-37.21579],[-71.07489,-37.21999],[-71.1131,-37.21065],[-71.12019,-37.21154]],[[-69.57484,-37.641],[-69.60986,-37.63223],[-69.67052,-37.62184],[-69.7278,-37.5926],[-69.77028,-37.58837],[-69.77658,-37.58942],[-69.79013,-37.58398],[-69.82674,-37.55624],[-69.83396,-37.55343],[-69.85796,-37.5229],[-69.89651,-37.47961],[-69.94077,-37.43143],[-69.94903,-37.4252],[-69.98971,-37.42666],[-69.99466,-37.42878],[-70.01057,-37.42372],[-70.01973,-37.42419],[-70.0262,-37.42663],[-70.03119,-37.42591],[-70.0319,-37.42049],[-70.09129,-37.40432],[-70.13349,-37.37768],[-70.16083,-37.36436],[-70.22981,-37.32428],[-70.23924,-37.32118],[-70.26514,-37.32085],[-70.26907,-37.32456],[-70.27602,-37.32712],[-70.29931,-37.33241],[-70.30732,-37.32801],[-70.31837,-37.31559],[-70.32313,-37.3145],[-70.34712,-37.29322],[-70.37401,-37.286],[-70.43024,-37.26165],[-70.44588,-37.26004],[-70.46298,-37.26157],[-70.48432,-37.25396]]]}},{"type":"Feature","properties":{"id":"chelfor-conesa","nombre":"Chelforó - Conesa","operador":"TGS","operadores":["TGS"],"km":219,"tramos":2,"subtipos":{"Troncal":2}},"geometry":{"type":"MultiLineString","coordinates":[[[-66.53078,-39.07896],[-66.46725,-39.08639],[-66.41952,-39.08591],[-66.30608,-39.09575],[-66.24446,-39.11191],[-66.22548,-39.12148],[-66.17139,-39.16176],[-66.16571,-39.16313],[-66.14851,-39.16172],[-66.09512,-39.1623],[-66.09414,-39.16626],[-66.08104,-39.16784],[-66.04891,-39.17576],[-66.01019,-39.18874],[-65.98813,-39.1887],[-65.96533,-39.18357],[-65.9167,-39.17852],[-65.77729,-39.19631],[-65.7769,-39.19778],[-65.69911,-39.2387],[-65.67554,-39.25525],[-65.65281,-39.2742],[-65.63107,-39.28062],[-65.60241,-39.30776],[-65.51883,-39.35958],[-65.44777,-39.41987],[-65.36487,-39.48132]],[[-65.36506,-39.48128],[-64.99804,-39.71679],[-64.9808,-39.73286],[-64.96808,-39.75514],[-64.94597,-39.78385],[-64.89987,-39.82697],[-64.84129,-39.87519],[-64.76061,-39.95486],[-64.75199,-39.9587],[-64.6849,-39.97914],[-64.65616,-39.98605],[-64.62774,-39.99666],[-64.53294,-40.0257],[-64.4791,-40.04701],[-64.4685,-40.05666],[-64.46824,-40.05908],[-64.47052,-40.05944]]]}},{"type":"Feature","properties":{"id":"int-en-distrito-oeste","nombre":"Int. en Distrito Oeste","operador":"TGS","operadores":["TGS"],"km":218,"tramos":13,"subtipos":{"Troncal":10,"Loop":3}},"geometry":{"type":"MultiLineString","coordinates":[[[-68.19773,-38.74805],[-68.19955,-38.74847],[-68.18483,-38.86487],[-68.18702,-38.87053]],[[-68.20357,-38.89886],[-68.19583,-38.92725]],[[-68.19777,-38.74786],[-68.19975,-38.7485],[-68.18503,-38.86487],[-68.18719,-38.87042]],[[-68.97769,-38.74964],[-68.97967,-38.75229],[-68.97769,-38.75255],[-69.02002,-38.77572],[-69.07008,-38.80699],[-69.11349,-38.84758],[-69.14312,-38.87287],[-69.17684,-38.90878],[-69.17692,-38.91096]],[[-66.53564,-39.02659],[-66.53131,-39.0335],[-66.5291,-39.04537],[-66.52843,-39.07057],[-66.53119,-39.07927]],[[-67.87432,-39.00622],[-67.88423,-39.00479],[-67.8762,-38.96662],[-67.89273,-38.96326],[-67.89263,-38.95193],[-67.88393,-38.94217],[-67.88362,-38.92565]],[[-69.17672,-38.91096],[-69.17671,-38.90893],[-69.14297,-38.87301],[-69.11336,-38.84773],[-69.06994,-38.80714],[-69.01991,-38.77589],[-68.97695,-38.75238],[-68.97947,-38.75229],[-68.97867,-38.74983],[-68.90094,-38.75155],[-68.895,-38.74605],[-68.87387,-38.74984],[-68.83625,-38.7491]],[[-68.60602,-38.47104],[-68.61263,-38.48855],[-68.6323,-38.47544],[-68.62213,-38.46302]],[[-66.5355,-39.02645],[-66.53113,-39.03344],[-66.5289,-39.04535],[-66.52823,-39.07062],[-66.53108,-39.07911]],[[-68.18701,-38.87087],[-68.20347,-38.89341],[-68.20395,-38.89729]],[[-68.74807,-38.73038],[-68.74438,-38.76073],[-68.72002,-38.80452],[-68.70966,-38.85023],[-68.71444,-38.86188],[-68.71006,-38.92732],[-68.66558,-38.96007],[-68.64403,-38.96097],[-68.64315,-38.96352]],[[-68.19577,-38.74524],[-68.24102,-38.70961],[-68.33397,-38.64789],[-68.36415,-38.63466],[-68.38507,-38.62305],[-68.42122,-38.61297],[-68.46992,-38.58186],[-68.46981,-38.56682],[-68.47399,-38.56185],[-68.48194,-38.56305],[-68.49436,-38.5599],[-68.61205,-38.48832]],[[-68.59594,-38.96826],[-68.59597,-39.06671],[-68.60065,-39.08501],[-68.59849,-39.09896]]]}},{"type":"Feature","properties":{"id":"anillo-gran-buenos-aires","nombre":"Anillo Gran Buenos Aires","operador":"TGS","operadores":["TGS"],"km":139,"tramos":4,"subtipos":{"Troncal":3,"Loop":1}},"geometry":{"type":"MultiLineString","coordinates":[[[-59.01392,-34.83447],[-58.99816,-34.84006],[-58.97822,-34.85316],[-58.96053,-34.85333],[-58.92785,-34.86003],[-58.85929,-34.90339],[-58.8365,-34.92049],[-58.83408,-34.92095],[-58.83117,-34.92555],[-58.75154,-34.98597],[-58.75288,-35.00523],[-58.74685,-35.01054]],[[-58.74674,-35.01036],[-58.74096,-35.01459],[-58.73728,-35.01349],[-58.69178,-34.97154],[-58.6841,-34.96682],[-58.6772,-34.95979],[-58.67632,-34.95694],[-58.66961,-34.95211],[-58.66646,-34.94594],[-58.66037,-34.94243],[-58.65836,-34.93871],[-58.65211,-34.93429],[-58.65132,-34.93126],[-58.59666,-34.88367],[-58.60177,-34.87489],[-58.59571,-34.86359],[-58.58903,-34.84249],[-58.57194,-34.81504],[-58.57071,-34.8153]],[[-59.013,-34.83476],[-58.99823,-34.83988],[-58.9782,-34.85299],[-58.96102,-34.85307],[-58.92766,-34.85996],[-58.8339,-34.9209],[-58.8327,-34.92415],[-58.76768,-34.97365]],[[-58.74675,-35.0106],[-58.72577,-35.0243],[-58.69979,-35.03395],[-58.67719,-35.03614],[-58.57902,-35.06225],[-58.56002,-35.06218],[-58.53381,-35.07101],[-58.53239,-35.07308],[-58.50335,-35.07569],[-58.45623,-35.075],[-58.43336,-35.08373],[-58.41843,-35.08657],[-58.41581,-35.0849],[-58.38654,-35.08271],[-58.37065,-35.08398],[-58.3182,-35.04488],[-58.31232,-35.04957],[-58.30164,-35.04009],[-58.28168,-35.01631],[-58.2743,-35.01643]]]}},{"type":"Feature","properties":{"id":"medanito-mainqu","nombre":"Medanito - Mainqué","operador":"TGS","operadores":["TGS"],"km":135,"tramos":1,"subtipos":{"Troncal":1}},"geometry":{"type":"MultiLineString","coordinates":[[[-67.94801,-38.05956],[-67.94825,-38.15527],[-67.97377,-38.20694],[-67.95567,-38.2425],[-67.87837,-38.43941],[-67.76005,-38.7315],[-67.67074,-38.86451],[-67.67018,-38.8691],[-67.68006,-38.89744],[-67.67746,-38.92912],[-67.66825,-38.93064],[-67.65457,-38.93808],[-67.46941,-38.97474],[-67.43718,-38.97355],[-67.4186,-38.9751],[-67.35933,-38.98031],[-67.30306,-38.98903]]]}},{"type":"Feature","properties":{"id":"olavarr-a-barker","nombre":"Olavarría - Barker","operador":"TGS","operadores":["TGS"],"km":101,"tramos":1,"subtipos":{"Troncal":1}},"geometry":{"type":"MultiLineString","coordinates":[[[-60.2407,-36.90356],[-60.17731,-36.955],[-60.17899,-36.95658],[-59.95611,-37.12771],[-59.95634,-37.14757],[-59.95185,-37.16148],[-59.89363,-37.20854],[-59.87798,-37.24054],[-59.86811,-37.25531],[-59.72419,-37.36608],[-59.72991,-37.37315],[-59.63585,-37.44453],[-59.51744,-37.52704],[-59.47847,-37.55814]]]}},{"type":"Feature","properties":{"id":"huincul-senillosa","nombre":"Huincul - Senillosa","operador":"TGS","operadores":["TGS"],"km":67,"tramos":2,"subtipos":{"Troncal":2}},"geometry":{"type":"MultiLineString","coordinates":[[[-69.17517,-38.91296],[-69.16979,-38.91408],[-69.11335,-38.94471],[-68.96625,-38.96568],[-68.95541,-38.96219],[-68.94766,-38.96151],[-68.94218,-38.96232],[-68.93657,-38.96535],[-68.71416,-38.9573],[-68.55616,-38.97111],[-68.49605,-38.95999],[-68.42565,-38.9524]]]}},{"type":"Feature","properties":{"id":"rodr-guez-rosetti","nombre":"Rodríguez - Rosetti","operador":"TGS","operadores":["TGS"],"km":59,"tramos":1,"subtipos":{"Proyecto":1}},"geometry":{"type":"MultiLineString","coordinates":[[[-58.94342,-34.63673],[-58.93385,-34.63499],[-58.91094,-34.62302],[-58.90515,-34.60467],[-58.90175,-34.59936]],[[-58.90174,-34.59936],[-58.88026,-34.5841],[-58.81663,-34.5498],[-58.80825,-34.55771],[-58.79846,-34.5512],[-58.8013,-34.54808],[-58.79141,-34.54153],[-58.78874,-34.54409],[-58.76211,-34.52789],[-58.75926,-34.53044],[-58.7456,-34.52235],[-58.72479,-34.53694],[-58.72552,-34.53788],[-58.72263,-34.54003],[-58.72352,-34.54097],[-58.71095,-34.55021],[-58.70978,-34.55085],[-58.70726,-34.54862],[-58.67952,-34.56954],[-58.66763,-34.57568],[-58.65741,-34.56929],[-58.63372,-34.56544],[-58.62868,-34.56021],[-58.62748,-34.55485],[-58.62436,-34.552],[-58.61066,-34.55084],[-58.60537,-34.54885],[-58.59183,-34.52568],[-58.58919,-34.50592],[-58.57063,-34.50747],[-58.55692,-34.51929],[-58.55228,-34.52185],[-58.55058,-34.52056],[-58.54077,-34.52808],[-58.52758,-34.53018],[-58.52568,-34.53274],[-58.52168,-34.53251],[-58.51371,-34.5366],[-58.51117,-34.53545],[-58.50907,-34.53846],[-58.50423,-34.53631],[-58.50002,-34.54232],[-58.49721,-34.5411],[-58.4928,-34.54545]]]}},{"type":"Feature","properties":{"id":"buchanan-ii-punta-lara","nombre":"Buchanan II - Punta Lara","operador":"TGS","operadores":["TGS"],"km":39,"tramos":2,"subtipos":{"Troncal":2}},"geometry":{"type":"MultiLineString","coordinates":[[[-57.99487,-34.81798],[-57.99297,-34.82027],[-57.98161,-34.81491],[-57.97082,-34.82079],[-57.96718,-34.82055]],[[-58.27333,-35.01527],[-58.26411,-34.99768],[-58.24714,-34.98715],[-58.24786,-34.98399],[-58.20562,-34.94697],[-58.20984,-34.94337],[-58.14679,-34.8885],[-58.14778,-34.8874],[-58.08865,-34.839],[-57.99505,-34.81746]]]}},{"type":"Feature","properties":{"id":"loma-la-lata-v-lvula-5","nombre":"Loma La Lata - Válvula 5","operador":"TGS","operadores":["TGS"],"km":32,"tramos":1,"subtipos":{"Troncal":1}},"geometry":{"type":"MultiLineString","coordinates":[[[-68.60172,-38.5036],[-68.5926,-38.5176],[-68.58936,-38.5324],[-68.58979,-38.5368],[-68.59263,-38.53953],[-68.59965,-38.544],[-68.61261,-38.54564],[-68.62226,-38.5501],[-68.64353,-38.54939],[-68.67635,-38.55682],[-68.7184,-38.6548],[-68.71977,-38.66249],[-68.72312,-38.66584],[-68.74725,-38.72189],[-68.74871,-38.72619],[-68.74715,-38.73014]]]}},{"type":"Feature","properties":{"id":"ypf-san-rom-n","nombre":"YPF - San Román","operador":"TGS","operadores":["TGS"],"km":18,"tramos":1,"subtipos":{"Troncal":1}},"geometry":{"type":"MultiLineString","coordinates":[[[-61.60893,-38.48022],[-61.62915,-38.63915]]]}},{"type":"Feature","properties":{"id":"gasoducto-cruz-del-sur-s-a","nombre":"Gasoducto Cruz del Sur S.A.","operador":"Cruz del Sur","operadores":["Cruz del Sur"],"km":17,"tramos":1,"subtipos":{"Troncal":1}},"geometry":{"type":"MultiLineString","coordinates":[[[-57.9671,-34.82043],[-57.92886,-34.74167],[-57.90569,-34.70566],[-57.88477,-34.68413]]]}},{"type":"Feature","properties":{"id":"ypf-las-flores","nombre":"YPF - Las Flores","operador":"TGS","operadores":["TGS"],"km":15,"tramos":1,"subtipos":{"Troncal":1}},"geometry":{"type":"MultiLineString","coordinates":[[[-58.66614,-35.97463],[-58.80092,-35.94232],[-58.82146,-35.93624],[-58.82202,-35.93444]]]}},{"type":"Feature","properties":{"id":"ypf-el-maule-n","nombre":"YPF - El Mauleón","operador":"TGS","operadores":["TGS"],"km":3,"tramos":1,"subtipos":{"Troncal":1}},"geometry":{"type":"MultiLineString","coordinates":[[[-60.52294,-37.7286],[-60.55266,-37.72542]]]}}]}